Casebook Version,Form Name,Form Contents Restricted,Item Group Name,Item Group Label,Item Group External ID,Item Group SDTM Name,Item Name,Item Label,Item External ID,Item SDTM Name,Data Type,Codelist,Codelist External ID,Unit,Unit External ID
1,LBCHEM,No,ig_LBCHEM1,Chemistry,ig_LBCHEM1,,LBDAT,Collection Date,LBDAT,LBDTC,Date,,,,
1,LBCHEM,No,ig_LBCHEM1,Chemistry,ig_LBCHEM1,,LBNAM,Laboratory Name,LBNAM,LBNAM,Text,cl_LBNAME1,cl_LBNAME1,,
1,LBCHEM,No,ig_LBCHEM1,Chemistry,ig_LBCHEM1,,LB_LABEL1,Lab results should not be entered prior to documentation of Physician-Investigator assessment.,LB_LABEL1,,Text,,,,
1,LBCHEM,No,ig_LBCHEM1,Chemistry,ig_LBCHEM1,,LB_LABEL3,"For other laboratories, please enter the entire range for Lab Normals below including the hyphen with no spaces. If not known, enter UNK. If the unit in source does not match the unit on the CRF, please provide the source unit in the “Lab Normal Range” field.",LB_LABEL3,,Text,,,,
1,LBCHEM,No,ig_LBCHEM1,Chemistry,ig_LBCHEM1,,LBCHEMPERF,Were Chemistry Tests Performed?,LBCHEMPERF,LBSTAT,Text,cl_YN1,cl_YN1,,
1,LBCHEM,No,ig_LBCHEM1,Chemistry,ig_LBCHEM1,,LB_LABEL2,"If a greater than or less than sign is included in the results, enter the numeric value of the result along with the special character in this field without spaces (ex. <5). Please ensure lab results are reported in the unit required by the CRF.  ",LB_LABEL2,,Text,,,,
1,LBCHEM,No,ig_LBCHEM1,Chemistry,ig_LBCHEM1,,LBNAMOTH,Specify Other Laboratory,LBNAMOTH,LBNAMOTH,Text,,,,
1,LBCHEM,No,ig_LBCHEM2,Chemistry Results,ig_LBCHEM2,,LBCHEMTEST,Lab Test Name,LBCHEMTEST,LBTEST,Text,cl_LBCHEM1,cl_LBCHEM1,,
1,LBCHEM,No,ig_LBCHEM2,Chemistry Results,ig_LBCHEM2,,LB_LABEL4,"Complete an Adverse Event Form if the Overall Interpretation is Abnormal, CS",LB_LABEL4,,Text,,,,
1,LBCHEM,No,ig_LBCHEM2,Chemistry Results,ig_LBCHEM2,,LBORRES,Lab Result,LBORRES,LBORRES,Text,,,,
1,LBCHEM,No,ig_LBCHEM2,Chemistry Results,ig_LBCHEM2,,LBCLSIG,Clinical Significance,LBCLSIG,,Text,cl_LBCLSIG1,cl_LBCLSIG1,,
1,LBCHEM,No,ig_LBCHEM2,Chemistry Results,ig_LBCHEM2,,LBNR,Lab Normal Range,LBNR,LBNR,Text,,,,
1,LBCOAG,No,ig_LBCOAG1,Coagulation Test,ig_LBCOAG1,,LBDAT,Collection Date,LBDAT,LBDTC,Date,,,,
1,LBCOAG,No,ig_LBCOAG1,Coagulation Test,ig_LBCOAG1,,LBNAM,Laboratory Name,LBNAM,LBNAM,Text,cl_LBNAME1,cl_LBNAME1,,
1,LBCOAG,No,ig_LBCOAG1,Coagulation Test,ig_LBCOAG1,,LB_LABEL1,Lab results should not be entered prior to documentation of Physician-Investigator assessment.,LB_LABEL1,,Text,,,,
1,LBCOAG,No,ig_LBCOAG1,Coagulation Test,ig_LBCOAG1,,LB_LABEL3,"For other laboratories, please enter the entire range for Lab Normals below including the hyphen with no spaces. If not known, enter UNK. If the unit in source does not match the unit on the CRF, please provide the source unit in the “Lab Normal Range” field.",LB_LABEL3,,Text,,,,
1,LBCOAG,No,ig_LBCOAG1,Coagulation Test,ig_LBCOAG1,,LB_LABEL2,"If a greater than or less than sign is included in the results, enter the numeric value of the result along with the special character in this field without spaces (ex. <5). Please ensure lab results are reported in the unit required by the CRF.  ",LB_LABEL2,,Text,,,,
1,LBCOAG,No,ig_LBCOAG1,Coagulation Test,ig_LBCOAG1,,LBCOAGPERF,Were Coagulation Tests Performed?,LBCOAGPERF,,Text,cl_YN1,cl_YN1,,
1,LBCOAG,No,ig_LBCOAG1,Coagulation Test,ig_LBCOAG1,,LBNAMOTH,Specify Other Laboratory,LBNAMOTH,LBNAMOTH,Text,,,,
1,LBCOAG,No,ig_LBCOAG2,Coagulation Test Results,ig_LBCOAG2,,LB_LABEL4,"Complete an Adverse Event Form if the Overall Interpretation is Abnormal, CS",LB_LABEL4,,Text,,,,
1,LBCOAG,No,ig_LBCOAG2,Coagulation Test Results,ig_LBCOAG2,,LBORRES,Lab Result,LBORRES,LBORRES,Text,,,,
1,LBCOAG,No,ig_LBCOAG2,Coagulation Test Results,ig_LBCOAG2,,LBCOAGTEST,Lab Test Name,LBCOAGTEST,LBTEST,Text,cl_LBCOAG1,cl_LBCOAG1,,
1,LBCOAG,No,ig_LBCOAG2,Coagulation Test Results,ig_LBCOAG2,,LBCLSIG,Clinical Significance,LBCLSIG,,Text,cl_LBCLSIG1,cl_LBCLSIG1,,
1,LBCOAG,No,ig_LBCOAG2,Coagulation Test Results,ig_LBCOAG2,,LBNR,Lab Normal Range,LBNR,LBNR,Text,,,,
1,LBHEMA,No,ig_LBHEMA1,Hematology,ig_LBHEMA1,,LBDAT,Collection Date,LBDAT,LBDTC,Date,,,,
1,LBHEMA,No,ig_LBHEMA1,Hematology,ig_LBHEMA1,,LBNAM,Laboratory Name,LBNAM,LBNAM,Text,cl_LBNAME1,cl_LBNAME1,,
1,LBHEMA,No,ig_LBHEMA1,Hematology,ig_LBHEMA1,,LB_LABEL1,Lab results should not be entered prior to documentation of Physician-Investigator assessment.,LB_LABEL1,,Text,,,,
1,LBHEMA,No,ig_LBHEMA1,Hematology,ig_LBHEMA1,,LB_LABEL3,"For other laboratories, please enter the entire range for Lab Normals below including the hyphen with no spaces. If not known, enter UNK. If the unit in source does not match the unit on the CRF, please provide the source unit in the “Lab Normals” field.",LB_LABEL3,,Text,,,,
1,LBHEMA,No,ig_LBHEMA1,Hematology,ig_LBHEMA1,,LB_LABEL2,"If a greater than or less than sign is included in the results, enter the numeric value of the result along with the special character in this field without spaces (ex. <5). Please ensure lab results are reported in the unit required by the CRF.  ",LB_LABEL2,,Text,,,,
1,LBHEMA,No,ig_LBHEMA1,Hematology,ig_LBHEMA1,,LBHEMAPERF,Were Hematology Tests Performed?,LBHEMAPERF,,Text,cl_YN1,cl_YN1,,
1,LBHEMA,No,ig_LBHEMA1,Hematology,ig_LBHEMA1,,LBNAMOTH,Specify Other Laboratory,LBNAMOTH,LBNAMOTH,Text,,,,
1,LBHEMA,No,ig_LBHEMA2,Hematology Results,ig_LBHEMA2,,LBHEMATEST,Lab Test Name,LBHEMATEST,LBTEST,Text,cl_LBHEMA1,cl_LBHEMA1,,
1,LBHEMA,No,ig_LBHEMA2,Hematology Results,ig_LBHEMA2,,LB_LABEL4,"Complete an Adverse Event Form if the Overall Interpretation is Abnormal, CS",LB_LABEL4,,Text,,,,
1,LBHEMA,No,ig_LBHEMA2,Hematology Results,ig_LBHEMA2,,LBORRES,Lab Result,LBORRES,LBORRES,Text,,,,
1,LBHEMA,No,ig_LBHEMA2,Hematology Results,ig_LBHEMA2,,LBCLSIG,Clinical Significance,LBCLSIG,,Text,cl_LBCLSIG1,cl_LBCLSIG1,,
1,LBHEMA,No,ig_LBHEMA2,Hematology Results,ig_LBHEMA2,,LBNR,Lab Normal Range,LBNR,LBNR,Text,,,,
1,SV,No,ig_SV1,Study Visit,ig_SV1,,SV_LABEL2,Please ensure that the medication has been entered on the Concomitant Medication CRF appropriately.,SV_LABEL2,,Text,,,,
1,SV,No,ig_SV1,Study Visit,ig_SV1,,SV_LABEL1,Please ensure that the AE has been entered on the Adverse Event CRF appropriately.,SV_LABEL1,,Text,,,,
1,SV,No,ig_SV1,Study Visit,ig_SV1,,SVAEREP,Any new adverse events or changes in existing adverse events to report?,SVAEREP,,Text,cl_YN1,cl_YN1,,
1,SV,No,ig_SV1,Study Visit,ig_SV1,,RSCAT,Disease Type,RSCAT,,Text,cl_RSCAT1,cl_RSCAT1,,
1,SV,No,ig_SV1,Study Visit,ig_SV1,,SVCMREP,Any new concomitant medications or changes in existing concomitant medications to report?,SVCMREP,,Text,cl_YN1,cl_YN1,,
1,SV,No,ig_SV1,Study Visit,ig_SV1,,SVOCCUR,Did the protocol-specified study visit occur?,SVOCCUR,,Text,cl_YN1,cl_YN1,,
1,LBLC,No,ig_LBLC1,Lymphocyte Counts,ig_LBLC1,,LBDAT,Collection Date,LBDAT,LBDTC,Date,,,,
1,LBLC,No,ig_LBLC1,Lymphocyte Counts,ig_LBLC1,,LBNAM,Laboratory Name,LBNAM,LBNAM,Text,cl_LBNAME1,cl_LBNAME1,,
1,LBLC,No,ig_LBLC1,Lymphocyte Counts,ig_LBLC1,,LB_LABEL3,"For other laboratories, please enter the entire range for Lab Normals below including the hyphen with no spaces. If not known, enter UNK. If the unit in source does not match the unit on the CRF, please provide the source unit in the “Lab Normal Range” field.",LB_LABEL3,,Text,,,,
1,LBLC,No,ig_LBLC1,Lymphocyte Counts,ig_LBLC1,,LBLCPERF,Were lymphocyte count tests performed?,LBLCPERF,LBPERF,Text,cl_YN1,cl_YN1,,
1,LBLC,No,ig_LBLC1,Lymphocyte Counts,ig_LBLC1,,LBNAMOTH,Specify Other Laboratory,LBNAMOTH,LBNAMOTH,Text,,,,
1,LBLC,No,ig_LBLC2,Lymphocyte Counts Result,ig_LBLC2,,LBORRES,Lab Result,LBORRES,LBORRES,Text,,,,
1,LBLC,No,ig_LBLC2,Lymphocyte Counts Result,ig_LBLC2,,LBLCTEST,Lab Test Name,LBLCTEST,LBTEST,Text,cl_LBLC1,cl_LBLC1,,
1,LBLC,No,ig_LBLC2,Lymphocyte Counts Result,ig_LBLC2,,LBNR,Lab Normal Range,LBNR,LBNR,Text,,,,
1,QSECOG,No,ig_QSECOG1,ECOG Performance Status,ig_QSECOG1,,QSDAT,Date of Assessment,QSDAT,,Date,,,,
1,QSECOG,No,ig_QSECOG1,ECOG Performance Status,ig_QSECOG1,,QSECOGPERF,ECOG Perfomance Status,QSECOGPERF,,Text,cl_QSECOG1,cl_QSECOG1,,
1,LBHLH,No,ig_HLH1,HLH/MAS,ig_HLH1,,LBDAT,Collection Date,LBDAT,LBDTC,Date,,,,
1,LBHLH,No,ig_HLH1,HLH/MAS,ig_HLH1,,LBNAM,Laboratory Name,LBNAM,LBNAM,Text,cl_LBNAME1,cl_LBNAME1,,
1,LBHLH,No,ig_HLH1,HLH/MAS,ig_HLH1,,LB_LABEL1,Lab results should not be entered prior to documentation of Physician-Investigator assessment.,LB_LABEL1,,Text,,,,
1,LBHLH,No,ig_HLH1,HLH/MAS,ig_HLH1,,LBHLHPERF,Was HLH/MAS performed?,LBHLHPERF,,Text,cl_YN1,cl_YN1,,
1,LBHLH,No,ig_HLH1,HLH/MAS,ig_HLH1,,LB_LABEL3,"For other laboratories, please enter the entire range for Lab Normals below including the hyphen with no spaces. If not known, enter UNK. If the unit in source does not match the unit on the CRF, please provide the source unit in the “Lab Normal Range” field.",LB_LABEL3,,Text,,,,
1,LBHLH,No,ig_HLH1,HLH/MAS,ig_HLH1,,LB_LABEL2,"If a greater than or less than sign is included in the results, enter the numeric value of the result along with the special character in this field without spaces (ex. <5). Please ensure lab results are reported in the unit required by the CRF.  ",LB_LABEL2,,Text,,,,
1,LBHLH,No,ig_HLH1,HLH/MAS,ig_HLH1,,LBNAMOTH,Specify Other Laboratory,LBNAMOTH,LBNAMOTH,Text,,,,
1,LBHLH,No,ig_HLH2,HLH/MAS Results,ig_HLH2,,LB_LABEL4,"Complete an Adverse Event Form if the Overall Interpretation is Abnormal, CS",LB_LABEL4,,Text,,,,
1,LBHLH,No,ig_HLH2,HLH/MAS Results,ig_HLH2,,LBORRES,Lab Result,LBORRES,LBORRES,Text,,,,
1,LBHLH,No,ig_HLH2,HLH/MAS Results,ig_HLH2,,LBCLSIG,Clinical Significance,LBCLSIG,,Text,cl_LBCLSIG1,cl_LBCLSIG1,,
1,LBHLH,No,ig_HLH2,HLH/MAS Results,ig_HLH2,,LBHLHTEST,Lab Test Name,LBHLHTEST,LBTEST,Text,cl_LBHLH1,cl_LBHLH1,,
1,LBHLH,No,ig_HLH2,HLH/MAS Results,ig_HLH2,,LBNR,Lab Normal Range,LBNR,LBNR,Text,,,,
1,LBSIG,No,ig_LBSIG1,Serum Immunoglobulin,ig_LBSIG1,,LBDAT,Collection Date,LBDAT,LBDTC,Date,,,,
1,LBSIG,No,ig_LBSIG1,Serum Immunoglobulin,ig_LBSIG1,,LBNAM,Laboratory Name,LBNAM,LBNAM,Text,cl_LBNAME1,cl_LBNAME1,,
1,LBSIG,No,ig_LBSIG1,Serum Immunoglobulin,ig_LBSIG1,,LB_LABEL1,Lab results should not be entered prior to documentation of Physician-Investigator assessment.,LB_LABEL1,,Text,,,,
1,LBSIG,No,ig_LBSIG1,Serum Immunoglobulin,ig_LBSIG1,,LBSIGPERF,Was Serum Immunoglobulin Test Performed?,LBSIGPERF,LBSTAT,Text,cl_YN1,cl_YN1,,
1,LBSIG,No,ig_LBSIG1,Serum Immunoglobulin,ig_LBSIG1,,LB_LABEL3,"For other laboratories, please enter the entire range for Lab Normals below including the hyphen with no spaces. If not known, enter UNK. If the unit in source does not match the unit on the CRF, please provide the source unit in the “Lab Normal Range” field.",LB_LABEL3,,Text,,,,
1,LBSIG,No,ig_LBSIG1,Serum Immunoglobulin,ig_LBSIG1,,LB_LABEL2,"If a greater than or less than sign is included in the results, enter the numeric value of the result along with the special character in this field without spaces (ex. <5). Please ensure lab results are reported in the unit required by the CRF.  ",LB_LABEL2,,Text,,,,
1,LBSIG,No,ig_LBSIG1,Serum Immunoglobulin,ig_LBSIG1,,LBNAMOTH,Specify Other Laboratory,LBNAMOTH,LBNAMOTH,Text,,,,
1,LBSIG,No,ig_LBSIG2,Serum Immunoglobulin Results,ig_LBSIG2,,LBSIGTEST,Lab Test Name,LBSIGTEST,LBTEST,Text,cl_LBSIG1,cl_LBSIG1,,
1,LBSIG,No,ig_LBSIG2,Serum Immunoglobulin Results,ig_LBSIG2,,LB_LABEL4,"Complete an Adverse Event Form if the Overall Interpretation is Abnormal, CS",LB_LABEL4,,Text,,,,
1,LBSIG,No,ig_LBSIG2,Serum Immunoglobulin Results,ig_LBSIG2,,LBORRES,Lab Result,LBORRES,LBORRES,Text,,,,
1,LBSIG,No,ig_LBSIG2,Serum Immunoglobulin Results,ig_LBSIG2,,LBCLSIG,Clinical Significance,LBCLSIG,,Text,cl_LBCLSIG1,cl_LBCLSIG1,,
1,LBSIG,No,ig_LBSIG2,Serum Immunoglobulin Results,ig_LBSIG2,,LBNR,Lab Normal Range,LBNR,LBNR,Text,,,,
1,PE,No,ig_PE1,Physical Exam,ig_PE1,,PEDAT,Physical Exam Date,PEDAT,PEDTC,Date,,,,
1,PE,No,ig_PE1,Physical Exam,ig_PE1,,PE_LABEL1,Enter any new or worsening abnormalities identified during a physical exam occuring during the protocol-required AE Reporting period as an adverse event.,PE_LABEL1,,Text,,,,
1,PE,No,ig_PE1,Physical Exam,ig_PE1,,PEPERF,Was the physical examination performed?,PEPERF,PESTAT,Text,cl_YN1,cl_YN1,,
1,VS,No,ig_VS1,Subject Information,ig_VS1,,RRPERF,Is this visit within 28 days of infusion?,RRPERF,,Text,cl_YN1,cl_YN1,,
1,VS,No,ig_VS1,Subject Information,ig_VS1,,VSPERF,Were Vital Signs Assessed?,VSPERF,,Text,cl_YN1,cl_YN1,,
1,VS,No,ig_VS1,Subject Information,ig_VS1,,VSDAT,Date of Vital Signs,VSDAT,,Date,,,,
1,VS,No,ig_VS2,Vital Signs,ig_VS2,,DIABP,Diastolic Blood Pressure (mmHg),DIABP,,Integer,,,,
1,VS,No,ig_VS2,Vital Signs,ig_VS2,,VS_LABEL1," If multiple vital signs were performed on the same day, use 1st vital signs of the day.",VS_LABEL1,,Text,,,,
1,VS,No,ig_VS2,Vital Signs,ig_VS2,,HR,Heart Rate (Beats/Minute),HR,,Integer,,,,
1,VS,No,ig_VS2,Vital Signs,ig_VS2,,TEMP,Temperature,TEMP,,Float,,,mu_HUPTEMPERATURE,mu_HUPTEMPERATURE
1,VS,No,ig_VS2,Vital Signs,ig_VS2,,SYSBP,Systolic Blood Pressure (mmHg),SYSBP,,Integer,,,,
1,VS,No,ig_VS2,Vital Signs,ig_VS2,,PEPOX,Oxygen saturation by pulse oximetry (%),PEPOX,,Integer,,,,
1,VS,No,ig_VS2,Vital Signs,ig_VS2,,RESP,Respiration Rate (Respirations/Minute),RESP,,Integer,,,,
1,AE,No,ig_AE1,Adverse Event,ig_AE1,,AEREL,T-cell Attribution,AEREL,,Text,cl_AETCELLATTRIB1,cl_AETCELLATTRIB1,,
1,AE,No,ig_AE1,Adverse Event,ig_AE1,,AE_LABEL6,Please ensure that the date of death has been entered on the End of Study CRF appropriately.,AE_LABEL6,,Text,,,,
1,AE,No,ig_AE1,Adverse Event,ig_AE1,,AERELOTH,Other Attribution,AERELOTH,,Text,cl_AEOTHRATTRIB1,cl_AEOTHRATTRIB1,,
1,AE,No,ig_AE1,Adverse Event,ig_AE1,,AETRTINTPOTH,Other Expectedness,AETRTINTPOTH,,Text,cl_YN1,cl_YN1,,
1,AE,No,ig_AE1,Adverse Event,ig_AE1,,AESTDAT,Start Date,AESTDAT,,Date,,,,
1,AE,No,ig_AE1,Adverse Event,ig_AE1,,AETOX,Toxicity,AETOX,,Text,,,,
1,AE,No,ig_AE1,Adverse Event,ig_AE1,,AETRTINTP,T-cell Expectedness,AETRTINTP,,Text,cl_YN1,cl_YN1,,
1,AE,No,ig_AE1,Adverse Event,ig_AE1,,AERELSPOTH,Specify Other Attribution,AERELSPOTH,,Text,,,,
1,AE,No,ig_AE1,Adverse Event,ig_AE1,,AEONGO,Event Ongoing,AEONGO,,Text,cl_AEONGO1,cl_AEONGO1,,
1,AE,No,ig_AE1,Adverse Event,ig_AE1,,AECAT,CTCAE Category,AECAT,,Text,cl_CTCAECAT1,cl_CTCAECAT1,,
1,AE,No,ig_AE1,Adverse Event,ig_AE1,,AETOXGR,Grade,AETOXGR,,Text,cl_AEGRADE1,cl_AEGRADE1,,
1,AE,No,ig_AE1,Adverse Event,ig_AE1,,AEACN,Action Taken,AEACN,,Text,cl_AEACN1,cl_AEACN1,,
1,AE,No,ig_AE1,Adverse Event,ig_AE1,,AE_LABEL5,Please refer to the CCGs for more comprehensive instructions.,AE_LABEL5,,Text,,,,
1,AE,No,ig_AE1,Adverse Event,ig_AE1,,AETOXTERM,Additional Toxicity Details,AETOXTERM,,Text,,,,
1,AE,No,ig_AE1,Adverse Event,ig_AE1,,AEENDAT,Stop Date,AEENDAT,,Date,,,,
1,AE,No,ig_AE1,Adverse Event,ig_AE1,,AEONSET,Event Onset,AEONSET,,Text,cl_AEEVENTONSET1,cl_AEEVENTONSET1,,
1,AE,No,ig_AE1,Adverse Event,ig_AE1,,AE_LABEL4,Action Taken will be evaluated with respect to study treatment only. ,AE_LABEL4,,Text,,,,
1,AE,No,ig_AE3,Adverse Events of Special Interest (AESI),ig_AE3,,AESIGRCHG1,AESI Grade Change,AESIGRCHG1,,Text,cl_YN1,cl_YN1,,
1,AE,No,ig_AE3,Adverse Events of Special Interest (AESI),ig_AE3,,AESIGRCHG8,AESI Grade Change,AESIGRCHG8,,Text,cl_YN1,cl_YN1,,
1,AE,No,ig_AE3,Adverse Events of Special Interest (AESI),ig_AE3,,AESIGRCHG6,AESI Grade Change,AESIGRCHG6,,Text,cl_YN1,cl_YN1,,
1,AE,No,ig_AE3,Adverse Events of Special Interest (AESI),ig_AE3,,AESIGRCHG2,AESI Grade Change,AESIGRCHG2,,Text,cl_YN1,cl_YN1,,
1,AE,No,ig_AE3,Adverse Events of Special Interest (AESI),ig_AE3,,AESISTDAT3,AESI Start Date,AESISTDAT3,,Date,,,,
1,AE,No,ig_AE3,Adverse Events of Special Interest (AESI),ig_AE3,,AESIGR8,AESI Grade,AESIGR8,,Text,cl_AEGRADE1,cl_AEGRADE1,,
1,AE,No,ig_AE3,Adverse Events of Special Interest (AESI),ig_AE3,,AESISTDAT6,AESI Start Date,AESISTDAT6,,Date,,,,
1,AE,No,ig_AE3,Adverse Events of Special Interest (AESI),ig_AE3,,AESIENDAT3,AESI Stop Date,AESIENDAT3,,Date,,,,
1,AE,No,ig_AE3,Adverse Events of Special Interest (AESI),ig_AE3,,AESIGRCHG3,AESI Grade Change,AESIGRCHG3,,Text,cl_YN1,cl_YN1,,
1,AE,No,ig_AE3,Adverse Events of Special Interest (AESI),ig_AE3,,AESIGR4,AESI Grade,AESIGR4,,Text,cl_AEGRADE1,cl_AEGRADE1,,
1,AE,No,ig_AE3,Adverse Events of Special Interest (AESI),ig_AE3,,AESISTDAT8,AESI Start Date,AESISTDAT8,,Date,,,,
1,AE,No,ig_AE3,Adverse Events of Special Interest (AESI),ig_AE3,,AESIENDAT6,AESI Stop Date,AESIENDAT6,,Date,,,,
1,AE,No,ig_AE3,Adverse Events of Special Interest (AESI),ig_AE3,,AESIGR6,AESI Grade,AESIGR6,,Text,cl_AEGRADE1,cl_AEGRADE1,,
1,AE,No,ig_AE3,Adverse Events of Special Interest (AESI),ig_AE3,,AESIGRCHG5,AESI Grade Change,AESIGRCHG5,,Text,cl_YN1,cl_YN1,,
1,AE,No,ig_AE3,Adverse Events of Special Interest (AESI),ig_AE3,,AESIENDAT4,AESI Stop Date,AESIENDAT4,,Date,,,,
1,AE,No,ig_AE3,Adverse Events of Special Interest (AESI),ig_AE3,,AESISTDAT1,AESI Start Date,AESISTDAT1,,Date,,,,
1,AE,No,ig_AE3,Adverse Events of Special Interest (AESI),ig_AE3,,AESIENDAT1,AESI Stop Date,AESIENDAT1,,Date,,,,
1,AE,No,ig_AE3,Adverse Events of Special Interest (AESI),ig_AE3,,AESIENDAT8,AESI Stop Date,AESIENDAT8,,Date,,,,
1,AE,No,ig_AE3,Adverse Events of Special Interest (AESI),ig_AE3,,AESISTDAT4,AESI Start Date,AESISTDAT4,,Date,,,,
1,AE,No,ig_AE3,Adverse Events of Special Interest (AESI),ig_AE3,,AESIGRCHG4,AESI Grade Change,AESIGRCHG4,,Text,cl_YN1,cl_YN1,,
1,AE,No,ig_AE3,Adverse Events of Special Interest (AESI),ig_AE3,,AESIGR1,AESI Grade,AESIGR1,,Text,cl_AEGRADE1,cl_AEGRADE1,,
1,AE,No,ig_AE3,Adverse Events of Special Interest (AESI),ig_AE3,,AESISTDAT5,AESI Start Date,AESISTDAT5,,Date,,,,
1,AE,No,ig_AE3,Adverse Events of Special Interest (AESI),ig_AE3,,AESIENDAT5,AESI Stop Date,AESIENDAT5,,Date,,,,
1,AE,No,ig_AE3,Adverse Events of Special Interest (AESI),ig_AE3,,AESIENDAT7,AESI Stop Date,AESIENDAT7,,Date,,,,
1,AE,No,ig_AE3,Adverse Events of Special Interest (AESI),ig_AE3,,AESIGRCHG7,AESI Grade Change,AESIGRCHG7,,Text,cl_YN1,cl_YN1,,
1,AE,No,ig_AE3,Adverse Events of Special Interest (AESI),ig_AE3,,AESIGR2,AESI Grade,AESIGR2,,Text,cl_AEGRADE1,cl_AEGRADE1,,
1,AE,No,ig_AE3,Adverse Events of Special Interest (AESI),ig_AE3,,AESIENDAT2,AESI Stop Date,AESIENDAT2,,Date,,,,
1,AE,No,ig_AE3,Adverse Events of Special Interest (AESI),ig_AE3,,AESIGR5,AESI Grade,AESIGR5,,Text,cl_AEGRADE1,cl_AEGRADE1,,
1,AE,No,ig_AE3,Adverse Events of Special Interest (AESI),ig_AE3,,AESIGR7,AESI Grade,AESIGR7,,Text,cl_AEGRADE1,cl_AEGRADE1,,
1,AE,No,ig_AE3,Adverse Events of Special Interest (AESI),ig_AE3,,AESIGR3,AESI Grade,AESIGR3,,Text,cl_AEGRADE1,cl_AEGRADE1,,
1,AE,No,ig_AE3,Adverse Events of Special Interest (AESI),ig_AE3,,AESISTDAT2,AESI Start Date,AESISTDAT2,,Date,,,,
1,AE,No,ig_AE3,Adverse Events of Special Interest (AESI),ig_AE3,,AESISTDAT7,AESI Start Date,AESISTDAT7,,Date,,,,
1,AE,No,ig_AE2,Serious Adverse Event,ig_AE2,,AESER,Seriousness as listed on the SAE form,AESER,,Text,cl_AESER1,cl_AESER1,,
1,AE,No,ig_AE2,Serious Adverse Event,ig_AE2,,AESAESTDAT,Date the event became an SAE,AESAESTDAT,,Date,,,,
1,AE,No,ig_AE2,Serious Adverse Event,ig_AE2,,AESEV,AE or SAE?,AESEV,,Text,cl_AESAE1,cl_AESAE1,,
1,AE,No,ig_AE2,Serious Adverse Event,ig_AE2,,AESI,Was this an AE of special interest with multiple changes in grades?,AESI,,Text,cl_YN1,cl_YN1,,
1,CM,No,ig_CM,Concomitant Medication,ig_CM,,CMDOSFRQ,Frequency,CMDOSFRQ,,Text,cl_CMFREQ1,cl_CMFREQ1,,
1,CM,No,ig_CM,Concomitant Medication,ig_CM,,CMTRT,Medication/Therapy,CMTRT,,Text,,,,
1,CM,No,ig_CM,Concomitant Medication,ig_CM,,CMDOSU,Unit,CMDOSU,,Text,cl_CMUNIT1,cl_CMUNIT1,,
1,CM,No,ig_CM,Concomitant Medication,ig_CM,,CMDSTXT,Dose,CMDSTXT,,Text,,,,
1,CM,No,ig_CM,Concomitant Medication,ig_CM,,CMDOSUOTH,Specify Other Unit,CMDOSUOTH,,Text,,,,
1,CM,No,ig_CM,Concomitant Medication,ig_CM,,CMSTDAT,Start Date,CMSTDAT,,Date,,,,
1,CM,No,ig_CM,Concomitant Medication,ig_CM,,CMINDC,Indication,CMINDC,,Text,,,,
1,CM,No,ig_CM,Concomitant Medication,ig_CM,,CMAEYN,Was this medication given for an AE?,CMAEYN,,Text,cl_YN1,cl_YN1,,
1,CM,No,ig_CM,Concomitant Medication,ig_CM,,CMROUTE,Route,CMROUTE,,Text,cl_CMROUTE1,cl_CMROUTE1,,
1,CM,No,ig_CM,Concomitant Medication,ig_CM,,CMENDAT,Stop Date,CMENDAT,,Date,,,,
1,CM,No,ig_CM,Concomitant Medication,ig_CM,,CMROUTEOTH,Specify Other Route,CMROUTEOTH,,Text,,,,
1,CM,No,ig_CM,Concomitant Medication,ig_CM,,CM_LABEL1,Please ensure that the AE has been entered on the Adverse Event CRF appropriately.,CM_LABEL1,,Text,,,,
1,CM,No,ig_CM,Concomitant Medication,ig_CM,,CMFRQOTH,Specify Other Frequency,CMFRQOTH,,Text,,,,
1,CM,No,ig_CM,Concomitant Medication,ig_CM,,CMONGO,Ongoing,CMONGO,,Text,cl_YN1,cl_YN1,,
1,CECRS,No,ig_CECRS2,Onset of Fever,ig_CECRS2,,CEFSTDAT,Fever Start Date,CEFSTDAT,,Date,,,,
1,CECRS,No,ig_CECRS2,Onset of Fever,ig_CECRS2,,CEHFSTDAT,Highest Fever Date,CEHFSTDAT,,Date,,,,
1,CECRS,No,ig_CECRS2,Onset of Fever,ig_CECRS2,,CEHFSTTM,Highest Fever Time,CEHFSTTM,,Time,,,,
1,CECRS,No,ig_CECRS2,Onset of Fever,ig_CECRS2,,CEFHFOCCUR,Does subject have onset of fever (>=38 C or 100.4 F)?,CEFHFOCCUR,,Text,cl_YN1,cl_YN1,,
1,CECRS,No,ig_CECRS2,Onset of Fever,ig_CECRS2,,CEFSTTM,Fever Start Time,CEFSTTM,,Time,,,,
1,CECRS,No,ig_CECRS2,Onset of Fever,ig_CECRS2,,CEFENDAT,Fever Stop Date,CEFENDAT,,Date,,,,
1,CECRS,No,ig_CECRS2,Onset of Fever,ig_CECRS2,,CEFENTM,Fever Stop Time,CEFENTM,,Time,,,,
1,CECRS,No,ig_CECRS2,Onset of Fever,ig_CECRS2,,CEHFOCCUR,Highest Fever,CEHFOCCUR,,Float,,,mu_HUPTEMPERATURE,mu_HUPTEMPERATURE
1,CECRS,No,ig_CECRS6,Subject on CPAP or BiPAP,ig_CECRS6,,CEPAPSTTM,CPAP or BiPAP Start Time,CEPAPSTTM,,Time,,,,
1,CECRS,No,ig_CECRS6,Subject on CPAP or BiPAP,ig_CECRS6,,CEPAPENRF,Subject on CPAP or BiPAP at end of CRS?,CEPAPENRF,,Text,cl_YNUNK1,cl_YNUNK1,,
1,CECRS,No,ig_CECRS6,Subject on CPAP or BiPAP,ig_CECRS6,,CEPAPSTDAT,CPAP or BiPAP Start Date,CEPAPSTDAT,,Date,,,,
1,CECRS,No,ig_CECRS6,Subject on CPAP or BiPAP,ig_CECRS6,,CEPAPOCCUR,Was subject on CPAP or BiPAP?,CEPAPOCCUR,,Text,cl_YN1,cl_YN1,,
1,CECRS,No,ig_CECRS6,Subject on CPAP or BiPAP,ig_CECRS6,,CEPAPENDAT,CPAP or BiPAP Stop Date,CEPAPENDAT,,Date,,,,
1,CECRS,No,ig_CECRS3,Subject Admitted to ICU,ig_CECRS3,,CEICUSTDAT,ICU Admission Date,CEICUSTDAT,,Date,,,,
1,CECRS,No,ig_CECRS3,Subject Admitted to ICU,ig_CECRS3,,CEICUENDAT,ICU Discharge Date,CEICUENDAT,,Date,,,,
1,CECRS,No,ig_CECRS3,Subject Admitted to ICU,ig_CECRS3,,CEICUOCCUR,Was subject admitted to ICU?,CEICUOCCUR,,Text,cl_YN1,cl_YN1,,
1,CECRS,No,ig_CECRS9,Other Anti-T Cell Therapy,ig_CECRS9,,CETRTATOCCUR,Was the subject given other anti-T cell therapies?,CETRTATOCCUR,,Text,cl_YN1,cl_YN1,,
1,CECRS,No,ig_CECRS9,Other Anti-T Cell Therapy,ig_CECRS9,,CETRTATSPOTH,Specify Other Anti-T Cell Therapy,CETRTATSPOTH,,Text,,,,
1,CECRS,No,ig_CECRS9,Other Anti-T Cell Therapy,ig_CECRS9,,CETRTATATG,ATG,CETRTATATG,,Text,cl_YN1,cl_YN1,,
1,CECRS,No,ig_CECRS9,Other Anti-T Cell Therapy,ig_CECRS9,,CETRTATOTH,Other Anti-T Cell Therapy,CETRTATOTH,,Text,cl_YN1,cl_YN1,,
1,CECRS,No,ig_CECRS9,Other Anti-T Cell Therapy,ig_CECRS9,,CECRS_LABEL3,Reminder: Any anti-T cell therapies administered must also be recorded on the Concomitant Medication CRF in parallel. ,CECRS_LABEL3,,Text,,,,
1,CECRS,No,ig_CECRS9,Other Anti-T Cell Therapy,ig_CECRS9,,CETRTATCYCL,Cyclophosphamide,CETRTATCYCL,,Text,cl_YN1,cl_YN1,,
1,CECRS,No,ig_CECRS8,Systemic Anti-cytokine Therapy,ig_CECRS8,,CECRS_LABEL2,Reminder: Any anti-cytokine therapies administered must also be recorded on the Concomitant Medication CRF in parallel. ,CECRS_LABEL2,,Text,,,,
1,CECRS,No,ig_CECRS8,Systemic Anti-cytokine Therapy,ig_CECRS8,,CETRTENTA,Entanercept,CETRTENTA,,Text,cl_YN1,cl_YN1,,
1,CECRS,No,ig_CECRS8,Systemic Anti-cytokine Therapy,ig_CECRS8,,CETRTANAK,Anakinra,CETRTANAK,,Text,cl_YN1,cl_YN1,,
1,CECRS,No,ig_CECRS8,Systemic Anti-cytokine Therapy,ig_CECRS8,,CETRTOCCUR,Was systemic anti-cytokine therapy given?,CETRTOCCUR,,Text,cl_YN1,cl_YN1,,
1,CECRS,No,ig_CECRS8,Systemic Anti-cytokine Therapy,ig_CECRS8,,CETRTTOCI,Tocilizumab,CETRTTOCI,,Text,cl_YN1,cl_YN1,,
1,CECRS,No,ig_CECRS8,Systemic Anti-cytokine Therapy,ig_CECRS8,,CETRTOTH,Other anti-cytokine therapy,CETRTOTH,,Text,cl_YN1,cl_YN1,,
1,CECRS,No,ig_CECRS8,Systemic Anti-cytokine Therapy,ig_CECRS8,,CETRTCORT,Corticosteroids,CETRTCORT,,Text,cl_YN1,cl_YN1,,
1,CECRS,No,ig_CECRS8,Systemic Anti-cytokine Therapy,ig_CECRS8,,CETRTSILT,Siltuximab,CETRTSILT,,Text,cl_YN1,cl_YN1,,
1,CECRS,No,ig_CECRS8,Systemic Anti-cytokine Therapy,ig_CECRS8,,CETRTSPOTH,Specify other anti-cytokine therapy,CETRTSPOTH,,Text,,,,
1,CECRS,No,ig_CECRS5,Subject Intubated and on Mechanical Ventilation,ig_CECRS5,,CEINTENDAT,Intubation Stop Date,CEINTENDAT,,Date,,,,
1,CECRS,No,ig_CECRS5,Subject Intubated and on Mechanical Ventilation,ig_CECRS5,,CEINTENRF,Subject remains intubated and on mechanical ventilation at end of CRS?,CEINTENRF,,Text,cl_YNUNK1,cl_YNUNK1,,
1,CECRS,No,ig_CECRS5,Subject Intubated and on Mechanical Ventilation,ig_CECRS5,,CEINTYN,Was subject intubated and on mechanical ventilation?,CEINTYN,,Text,cl_YN1,cl_YN1,,
1,CECRS,No,ig_CECRS5,Subject Intubated and on Mechanical Ventilation,ig_CECRS5,,CEINTENTM,Intubation Stop Time,CEINTENTM,,Time,,,,
1,CECRS,No,ig_CECRS5,Subject Intubated and on Mechanical Ventilation,ig_CECRS5,,CEINTSTDAT,Intubation Start Date,CEINTSTDAT,,Date,,,,
1,CECRS,No,ig_CECRS5,Subject Intubated and on Mechanical Ventilation,ig_CECRS5,,CEINTSTTM,Intubation Start Time,CEINTSTTM,,Time,,,,
1,CECRS,No,ig_CECRS5,Subject Intubated and on Mechanical Ventilation,ig_CECRS5,,CEINTMAXFIO,Maximum FIO2 (%),CEINTMAXFIO,,Integer,,,,
1,CECRS,No,ig_CECRS7,Oxygen Supplementation,ig_CECRS7,,CEOXYMD,Mode,CEOXYMD,,Text,cl_OXYMD1,cl_OXYMD1,,
1,CECRS,No,ig_CECRS7,Oxygen Supplementation,ig_CECRS7,,CEOXYOTH,"Other, specify",CEOXYOTH,,Text,,,,
1,CECRS,No,ig_CECRS7,Oxygen Supplementation,ig_CECRS7,,CEOXYOCCUR,"For subjects who were not on mechanical ventilation or CPAP/BiPAP, was oxygen supplementation given?",CEOXYOCCUR,,Text,cl_YNNA1,cl_YNNA1,,
1,CECRS,No,ig_CECRS7,Oxygen Supplementation,ig_CECRS7,,CEOXYENDAT,Oxygen Stop Date,CEOXYENDAT,,Date,,,,
1,CECRS,No,ig_CECRS7,Oxygen Supplementation,ig_CECRS7,,CEOXYSTTM,Oxygen Start Time,CEOXYSTTM,,Time,,,,
1,CECRS,No,ig_CECRS7,Oxygen Supplementation,ig_CECRS7,,CEOXYMAXOXY,Maximum Oxygen Supplementation (e.g.O2 %),CEOXYMAXOXY,,Integer,,,,
1,CECRS,No,ig_CECRS7,Oxygen Supplementation,ig_CECRS7,,CEOXYSTDAT,Oxygen Start Date,CEOXYSTDAT,,Date,,,,
1,CECRS,No,ig_CECRS7,Oxygen Supplementation,ig_CECRS7,,CEOXYDOS,Unit,CEOXYDOS,,Text,cl_CEOXYDOS,cl_CEOXYDOS,,
1,CECRS,No,ig_CECRS7,Oxygen Supplementation,ig_CECRS7,,CEOXYMAXDAT,Date of Maximum Oxygen Requirement,CEOXYMAXDAT,,Date,,,,
1,CECRS,No,ig_CECRS1,Cytokine Release Syndrome,ig_CECRS1,,AEREF,AE Reference #,AEREF,,Integer,,,,
1,CECRS,No,ig_CECRS1,Cytokine Release Syndrome,ig_CECRS1,,CECRS_LABEL1,"If the subject experiences CRS, “Cytokine Release Syndrome” must also be documented as an AE on the Adverse Events eCRF.",CECRS_LABEL1,,Text,,,,
1,CECRS,No,ig_CECRS1,Cytokine Release Syndrome,ig_CECRS1,,CECRSINFDAT,Date of Last Infusion Received,CECRSINFDAT,,Date,,,,
1,CECRS,No,ig_CECRS1,Cytokine Release Syndrome,ig_CECRS1,,CECRSINFTYP,Last Infusion Type Received,CECRSINFTYP,,Text,cl_CECRSINFTYP,cl_CECRSINFTYP,,
1,CECRS,No,ig_CECRS1,Cytokine Release Syndrome,ig_CECRS1,,CECRSOCCUR,Was CRS observed?,CECRSOCCUR,,Text,cl_YN1,cl_YN1,,
1,CECRS,No,ig_CECRS4,Hypotension that Required Intervention,ig_CECRS4,,CEHPOCCUR,Was hypotension that required intervention observed?,CEHPOCCUR,,Text,cl_YN1,cl_YN1,,
1,CECRS,No,ig_CECRS4,Hypotension that Required Intervention,ig_CECRS4,,CECRS_LABEL5,Reminder: Record applicable IV fluids on the Concomitant Medcation CRF in parallel as per the CRF Completion Guidelines.,CECRS_LABEL5,,Text,,,,
1,CECRS,No,ig_CECRS4,Hypotension that Required Intervention,ig_CECRS4,,CECRS_LABEL4,Reminder: Any pressors administered must also be recorded on the Concomitant Medication CRF in parallel. ,CECRS_LABEL4,,Text,,,,
1,CECRS,No,ig_CECRS4,Hypotension that Required Intervention,ig_CECRS4,,CEEPINDOS,Epinephrine,CEEPINDOS,,Text,cl_YN1,cl_YN1,,
1,CECRS,No,ig_CECRS4,Hypotension that Required Intervention,ig_CECRS4,,CEHPTMT,Were IV fluids used to treat hypotension?,CEHPTMT,,Text,cl_YN1,cl_YN1,,
1,CECRS,No,ig_CECRS4,Hypotension that Required Intervention,ig_CECRS4,,CENOREDOS,Norepinephrine,CENOREDOS,,Text,cl_YN1,cl_YN1,,
1,CECRS,No,ig_CECRS4,Hypotension that Required Intervention,ig_CECRS4,,CEHPVAS,Was Vasopressin used?,CEHPVAS,,Text,cl_YN1,cl_YN1,,
1,CECRS,No,ig_CECRS4,Hypotension that Required Intervention,ig_CECRS4,,CEHPPSUP,Was pressor support used?,CEHPPSUP,,Text,cl_YN1,cl_YN1,,
1,CECRS,No,ig_CECRS4,Hypotension that Required Intervention,ig_CECRS4,,CEHPVAS2,Were two or more vasopressors used excluding vasopressin?,CEHPVAS2,,Text,cl_YN1,cl_YN1,,
1,CECRS,No,ig_CECRS4,Hypotension that Required Intervention,ig_CECRS4,,CEDOPADOS,Dopamine,CEDOPADOS,,Text,cl_YN1,cl_YN1,,
1,CECRS,No,ig_CECRS4,Hypotension that Required Intervention,ig_CECRS4,,CEPHENDOS,Phenylephrine,CEPHENDOS,,Text,cl_YN1,cl_YN1,,
1,ICANS,No,ig_ICANS1,ICANS CAR Neurotoxicity,ig_ICANS1,,CARTOXYN,Did the subject experience a CAR Neurotoxicity adverse event?,CARTOXYN,,Text,cl_YN1,cl_YN1,,
1,ICANS,No,ig_ICANS1,ICANS CAR Neurotoxicity,ig_ICANS1,,ICANS_LABEL1,"The ICANS CRF is designed to provide supportive data for CAR Neurotoxicity Adverse Events.  This CRF is required for all infused subjects and should be completed to document the presence or absence of CAR Neurotoxicity.  If the subject experiences more than one episode of CAR Neurotoxicity, a new CRF should be created for each event.",ICANS_LABEL1,,Text,,,,
1,ICANS,No,ig_ICANS2,ICANS CAR Neurotoxicity Grading Criteria,ig_ICANS2,,MWOCCUR,Motor Weakness,MWOCCUR,,Text,cl_GRADE4,cl_GRADE4,,
1,ICANS,No,ig_ICANS2,ICANS CAR Neurotoxicity Grading Criteria,ig_ICANS2,,AEREF,AE Reference #,AEREF,,Integer,,,,
1,ICANS,No,ig_ICANS2,ICANS CAR Neurotoxicity Grading Criteria,ig_ICANS2,,ICPOCCUR,Elevated Intracranial Pressure (ICP) / Cerebral Edema,ICPOCCUR,,Text,cl_GRADE3,cl_GRADE3,,
1,ICANS,No,ig_ICANS2,ICANS CAR Neurotoxicity Grading Criteria,ig_ICANS2,,SOCCUR,Seizure,SOCCUR,,Text,cl_GRADE3,cl_GRADE3,,
1,ICANS,No,ig_ICANS2,ICANS CAR Neurotoxicity Grading Criteria,ig_ICANS2,,DLCOCCUR,Depressed Level of Consciousness,DLCOCCUR,,Text,cl_GRADE2,cl_GRADE2,,
1,ICANS,No,ig_ICANS2,ICANS CAR Neurotoxicity Grading Criteria,ig_ICANS2,,ICANS_LABEL2,Refer to the ICANS grading scale within the study protocol. Select the applicable CAR Neurotoxicity grade for each criteria below. Select “Not Applicable” if the assessment was not performed for any reason or the Subject did not experience this condition.,ICANS_LABEL2,,Text,,,,
1,ICANS,No,ig_ICANS2,ICANS CAR Neurotoxicity Grading Criteria,ig_ICANS2,,CARTOXSTDAT,CAR Neurotoxicity Start Date,CARTOXSTDAT,,Date,,,,
1,ICANS,No,ig_ICANS2,ICANS CAR Neurotoxicity Grading Criteria,ig_ICANS2,,ICEORRES,ICE Score,ICEORRES,,Text,cl_GRADE2,cl_GRADE2,,
1,LPMHCONF,No,ig_LPMH1,Medical History Confirmation,ig_LPMHCONF,,MHYN,Medical History to Report?,MHYN,,Text,cl_YN1,cl_YN1,,
1,MH,No,ig_MH1,Medical History,ig_MH1,,MH_LABEL1,"Do not include the diagnosis under investigation or prior treatments for this diagnosis on this CRF. List all relevant medical history and current medical conditions (including cancer related conditions and symptoms, allergies, etc). Please refer to the CCGs for additional entry guidance.",MH_LABEL1,,Text,,,,
1,MH,No,ig_MH1,Medical History,ig_MH1,,MHGRADE,Grade,MHGRADE,,Text,cl_GRADE1,cl_GRADE1,,
1,MH,No,ig_MH1,Medical History,ig_MH1,,MHSTDAT,Date of Onset,MHSTDAT,,Date,,,,
1,MH,No,ig_MH1,Medical History,ig_MH1,,MHTERMTXT,Additional Detail,MHTERMTXT,,Text,,,,
1,MH,No,ig_MH1,Medical History,ig_MH1,,MHCAT,Body Category,MHCAT,,Text,cl_BCAT1,cl_BCAT1,,
1,MH,No,ig_MH1,Medical History,ig_MH1,,MHCATOTH,Other Body Category,MHCATOTH,,Text,,,,
1,MH,No,ig_MH1,Medical History,ig_MH1,,MHTERM,Condition/History,MHTERM,,Text,,,,
1,MH,No,ig_MH1,Medical History,ig_MH1,,MHONGO,Ongoing,MHONGO,,Text,cl_YN1,cl_YN1,,
1,PRANP,No,ig_PRANP2,Prior Antineoplastic (ANP) Therapy,ig_PRANP2,,ANPREASDISCOTH,Specify Other Reason for Discontinuation,ANPREASDISCOTH,,Text,,,,
1,PRANP,No,ig_PRANP2,Prior Antineoplastic (ANP) Therapy,ig_PRANP2,,PRANPENDDAT,Stop Date,PRANPENDDAT,,Date,,,,
1,PRANP,No,ig_PRANP2,Prior Antineoplastic (ANP) Therapy,ig_PRANP2,,ANPTXT,Medication/Therapy,ANPTXT,,Text,,,,
1,PRANP,No,ig_PRANP2,Prior Antineoplastic (ANP) Therapy,ig_PRANP2,,ANPREASDISC,Reason for Discontinuation,ANPREASDISC,,Text,cl_ANPREASDISC1,cl_ANPREASDISC1,,
1,PRANP,No,ig_PRANP2,Prior Antineoplastic (ANP) Therapy,ig_PRANP2,,ANPSTDAT,Start Date,ANPSTDAT,,Date,,,,
1,PRANP,No,ig_PRANP2,Prior Antineoplastic (ANP) Therapy,ig_PRANP2,,ANPCAT,Therapy Type,ANPCAT,,Text,cl_ANPTRTCAT1,cl_ANPTRTCAT1,,
1,PRANP,No,ig_PRANP1,Subject Information,ig_PRANP1,,PRRANPYN,Prior Medication/Therapy to Report?,PRRANPYN,,Text,cl_YN1,cl_YN1,,
1,PRANP,No,ig_PRANP1,Subject Information,ig_PRANP1,,PRANP_LABEL1,"Enter all oncology treatments including surgery, chemotherapy, immunotherapy, targeted therapy, surgery, radiation therapy, etc. that the subject received prior to entering into the study. Enter bridging oncology treatments received after consent but prior to protocol required lymphodepleting chemotherapy and T cell infusion (Day 0) on this CRF.",PRANP_LABEL1,,Text,,,,
1,PRANP,No,ig_PRANP1,Subject Information,ig_PRANP1,,ANPSPID,Line#,ANPSPID,,Text,,,,
1,PRANP,No,ig_PRANP1,Subject Information,ig_PRANP1,,PRANP_LABEL2,This CRF should be used to document the medications/therapies administered within a specific line of therapy (i.e. Line #1).  Each subsequent ANP therapy line should be reported on a new CRF. ,PRANP_LABEL2,,Text,,,,
1,PANP,No,ig_PANP1,Subject Information,ig_PANP1,,PANP_LABEL1,"Record all oncology medications/therapies (including surgery, transplant, chemotherapy, etc.) given to treat the Subject’s primary cancer during the primary follow-up phase. This CRF must be entered for all infused Subjects, even if no additional therapies were given.    Note: This is a CRF that can be updated throughout the Subject’s participation to capture new therapies (or changes in existing therapies) in real-time.",PANP_LABEL1,,Text,,,,
1,PANP,No,ig_PANP1,Subject Information,ig_PANP1,,ANPSPID,Line#,ANPSPID,,Text,,,,
1,PANP,No,ig_PANP1,Subject Information,ig_PANP1,,PANP_LABEL2,"Enter the line# of the ANP therapy being captured on this CRF. This CRF is a continuation of the Prior ANP Therapy CRF. Begin numbering Primary ANP therapies sequentially on this CRF, accounting for all prior therapies received (on the Prior ANP Therapy CRF) as well as the study treatment intervention. Only medications/therapies administered within this same line should be entered on this CRF. Subsequent ANP therapy lines should be reported on a new CRF.",PANP_LABEL2,,Text,,,,
1,PANP,No,ig_PANP1,Subject Information,ig_PANP1,,ANPYN,Medication/Therapy to Report?,ANPYN,,Text,cl_YN1,cl_YN1,,
1,PANP,No,ig_PANP2,Antineoplastic Therapy,ig_PANP2,,ANPDOS,Dose,ANPDOS,,Text,,,,
1,PANP,No,ig_PANP2,Antineoplastic Therapy,ig_PANP2,,ANPFRQOTH,Specify Frequency,ANPFRQOTH,,Text,,,,
1,PANP,No,ig_PANP2,Antineoplastic Therapy,ig_PANP2,,ANPROUTEOTH,Specify Route,ANPROUTEOTH,,Text,,,,
1,PANP,No,ig_PANP2,Antineoplastic Therapy,ig_PANP2,,ANPDOSUOTH,Specify Unit,ANPDOSUOTH,,Text,,,,
1,PANP,No,ig_PANP2,Antineoplastic Therapy,ig_PANP2,,ANPTXT,Medication/Therapy,ANPTXT,,Text,,,,
1,PANP,No,ig_PANP2,Antineoplastic Therapy,ig_PANP2,,ANPONGO,Ongoing,ANPONGO,,Text,cl_YN1,cl_YN1,,
1,PANP,No,ig_PANP2,Antineoplastic Therapy,ig_PANP2,,ANPENDDAT,Stop Date,ANPENDDAT,,Date,,,,
1,PANP,No,ig_PANP2,Antineoplastic Therapy,ig_PANP2,,ANPROUTE,Route,ANPROUTE,,Text,cl_ANPROUTE1,cl_ANPROUTE1,,
1,PANP,No,ig_PANP2,Antineoplastic Therapy,ig_PANP2,,ANPSTDAT,Start Date,ANPSTDAT,,Date,,,,
1,PANP,No,ig_PANP2,Antineoplastic Therapy,ig_PANP2,,ANPDOSU,Unit,ANPDOSU,,Text,cl_ANPUNIT1,cl_ANPUNIT1,,
1,PANP,No,ig_PANP2,Antineoplastic Therapy,ig_PANP2,,ANPDOSFRQ,Frequency,ANPDOSFRQ,,Text,cl_ANPFREQ1,cl_ANPFREQ1,,
1,PANP,No,ig_PANP2,Antineoplastic Therapy,ig_PANP2,,ANPCAT,Therapy Type,ANPCAT,,Text,cl_ANPTRTCAT1,cl_ANPTRTCAT1,,
1,PDAE,No,ig_PDAE2,Serious Adverse Event,ig_PDAE2,,AESER,Seriousness as listed on the SAE form,AESER,,Text,cl_AESER1,cl_AESER1,,
1,PDAE,No,ig_PDAE2,Serious Adverse Event,ig_PDAE2,,AESAESTDAT,Date the event became an SAE,AESAESTDAT,,Date,,,,
1,PDAE,No,ig_PDAE2,Serious Adverse Event,ig_PDAE2,,AESEV,AE or SAE?,AESEV,,Text,cl_AESAE1,cl_AESAE1,,
1,PDAE,No,ig_PDAE2,Serious Adverse Event,ig_PDAE2,,AESI,Was this an AE of special interest with multiple changes in grades?,AESI,,Text,cl_YN1,cl_YN1,,
1,PDAE,No,ig_PDAE3,Adverse Events of Special Interest (AESI),ig_PDAE3,,AESIGRCHG1,AESI Grade Change,AESIGRCHG1,,Text,cl_YN1,cl_YN1,,
1,PDAE,No,ig_PDAE3,Adverse Events of Special Interest (AESI),ig_PDAE3,,AESIGRCHG5,AESI Grade Change,AESIGRCHG5,,Text,cl_YN1,cl_YN1,,
1,PDAE,No,ig_PDAE3,Adverse Events of Special Interest (AESI),ig_PDAE3,,AESIGRCHG2,AESI Grade Change,AESIGRCHG2,,Text,cl_YN1,cl_YN1,,
1,PDAE,No,ig_PDAE3,Adverse Events of Special Interest (AESI),ig_PDAE3,,AESIENDAT4,AESI Stop Date,AESIENDAT4,,Date,,,,
1,PDAE,No,ig_PDAE3,Adverse Events of Special Interest (AESI),ig_PDAE3,,AESISTDAT1,AESI Start Date,AESISTDAT1,,Date,,,,
1,PDAE,No,ig_PDAE3,Adverse Events of Special Interest (AESI),ig_PDAE3,,AESIENDAT1,AESI Stop Date,AESIENDAT1,,Date,,,,
1,PDAE,No,ig_PDAE3,Adverse Events of Special Interest (AESI),ig_PDAE3,,AESISTDAT4,AESI Start Date,AESISTDAT4,,Date,,,,
1,PDAE,No,ig_PDAE3,Adverse Events of Special Interest (AESI),ig_PDAE3,,AESISTDAT3,AESI Start Date,AESISTDAT3,,Date,,,,
1,PDAE,No,ig_PDAE3,Adverse Events of Special Interest (AESI),ig_PDAE3,,AESIGRCHG4,AESI Grade Change,AESIGRCHG4,,Text,cl_YN1,cl_YN1,,
1,PDAE,No,ig_PDAE3,Adverse Events of Special Interest (AESI),ig_PDAE3,,AESIGR1,AESI Grade,AESIGR1,,Text,cl_AEGRADE1,cl_AEGRADE1,,
1,PDAE,No,ig_PDAE3,Adverse Events of Special Interest (AESI),ig_PDAE3,,AESISTDAT5,AESI Start Date,AESISTDAT5,,Date,,,,
1,PDAE,No,ig_PDAE3,Adverse Events of Special Interest (AESI),ig_PDAE3,,AESIENDAT3,AESI Stop Date,AESIENDAT3,,Date,,,,
1,PDAE,No,ig_PDAE3,Adverse Events of Special Interest (AESI),ig_PDAE3,,AESIENDAT5,AESI Stop Date,AESIENDAT5,,Date,,,,
1,PDAE,No,ig_PDAE3,Adverse Events of Special Interest (AESI),ig_PDAE3,,AESIGR2,AESI Grade,AESIGR2,,Text,cl_AEGRADE1,cl_AEGRADE1,,
1,PDAE,No,ig_PDAE3,Adverse Events of Special Interest (AESI),ig_PDAE3,,AESIENDAT2,AESI Stop Date,AESIENDAT2,,Date,,,,
1,PDAE,No,ig_PDAE3,Adverse Events of Special Interest (AESI),ig_PDAE3,,AESIGR5,AESI Grade,AESIGR5,,Text,cl_AEGRADE1,cl_AEGRADE1,,
1,PDAE,No,ig_PDAE3,Adverse Events of Special Interest (AESI),ig_PDAE3,,AESIGRCHG3,AESI Grade Change,AESIGRCHG3,,Text,cl_YN1,cl_YN1,,
1,PDAE,No,ig_PDAE3,Adverse Events of Special Interest (AESI),ig_PDAE3,,AESIGR3,AESI Grade,AESIGR3,,Text,cl_AEGRADE1,cl_AEGRADE1,,
1,PDAE,No,ig_PDAE3,Adverse Events of Special Interest (AESI),ig_PDAE3,,AESIGR4,AESI Grade,AESIGR4,,Text,cl_AEGRADE1,cl_AEGRADE1,,
1,PDAE,No,ig_PDAE3,Adverse Events of Special Interest (AESI),ig_PDAE3,,AESISTDAT2,AESI Start Date,AESISTDAT2,,Date,,,,
1,PDAE,No,ig_PDAE1,Protocol-Defined Adverse Events (PDAE),ig_PDAE1,,AEREL,T-cell Attribution,AEREL,,Text,cl_AETCELLATTRIB1,cl_AETCELLATTRIB1,,
1,PDAE,No,ig_PDAE1,Protocol-Defined Adverse Events (PDAE),ig_PDAE1,,AE_LABEL6,Please ensure that the date of death has been entered on the End of Study CRF appropriately.,AE_LABEL6,,Text,,,,
1,PDAE,No,ig_PDAE1,Protocol-Defined Adverse Events (PDAE),ig_PDAE1,,AERELOTH,Other Attribution,AERELOTH,,Text,cl_AEOTHRATTRIB1,cl_AEOTHRATTRIB1,,
1,PDAE,No,ig_PDAE1,Protocol-Defined Adverse Events (PDAE),ig_PDAE1,,AETRTINTPOTH,Other Expectedness,AETRTINTPOTH,,Text,cl_YN1,cl_YN1,,
1,PDAE,No,ig_PDAE1,Protocol-Defined Adverse Events (PDAE),ig_PDAE1,,AESTDAT,Start Date,AESTDAT,,Date,,,,
1,PDAE,No,ig_PDAE1,Protocol-Defined Adverse Events (PDAE),ig_PDAE1,,AETOX,Toxicity,AETOX,,Text,,,,
1,PDAE,No,ig_PDAE1,Protocol-Defined Adverse Events (PDAE),ig_PDAE1,,AETRTINTP,T-cell Expectedness,AETRTINTP,,Text,cl_YN1,cl_YN1,,
1,PDAE,No,ig_PDAE1,Protocol-Defined Adverse Events (PDAE),ig_PDAE1,,AERELSPOTH,Specify Other Attribution,AERELSPOTH,,Text,,,,
1,PDAE,No,ig_PDAE1,Protocol-Defined Adverse Events (PDAE),ig_PDAE1,,AEONGO,Event Ongoing,AEONGO,,Text,cl_AEONGO1,cl_AEONGO1,,
1,PDAE,No,ig_PDAE1,Protocol-Defined Adverse Events (PDAE),ig_PDAE1,,AECAT,CTCAE Category,AECAT,,Text,cl_CTCAECAT1,cl_CTCAECAT1,,
1,PDAE,No,ig_PDAE1,Protocol-Defined Adverse Events (PDAE),ig_PDAE1,,AETOXGR,Grade,AETOXGR,,Text,cl_AEGRADE1,cl_AEGRADE1,,
1,PDAE,No,ig_PDAE1,Protocol-Defined Adverse Events (PDAE),ig_PDAE1,,AE_LABEL5,Please refer to the CCGs for more comprehensive instructions.,AE_LABEL5,,Text,,,,
1,PDAE,No,ig_PDAE1,Protocol-Defined Adverse Events (PDAE),ig_PDAE1,,AETOXTERM,Additional Toxicity Details,AETOXTERM,,Text,,,,
1,PDAE,No,ig_PDAE1,Protocol-Defined Adverse Events (PDAE),ig_PDAE1,,AEENDAT,Stop Date,AEENDAT,,Date,,,,
1,LANP,No,ig_LANP1,Subject Information,ig_LANP1,,LANPSPID,Line#,LANPSPID,,Text,,,,
1,LANP,No,ig_LANP1,Subject Information,ig_LANP1,,LANP_LABEL1,"Record all oncology medications/therapies (including surgery, transplant, chemotherapy, etc.) given to treat the Subject’s primary cancer after transitioning to long-term follow-up. Any such medications/therapies initiated during Primary follow-up are to be collected on the Primary ANP CRF and will be followed until completion on that CRF only. This data should not be collected again on the LTFU ANP CRF. ",LANP_LABEL1,,Text,,,,
1,LANP,No,ig_LANP1,Subject Information,ig_LANP1,,LANP_LABEL2,"This CRF is a continuation of the Prior ANP Therapy CRF and Primary ANP Therapy CRF (as applicable). Begin numbering sequentially on this CRF, accounting for all prior therapies received [as captured on the Prior ANP Therapy CRF] as well as the study treatment intervention and Primary Follow-up (if applicable).  Only medications/therapies administered within this same line should be entered on this CRF.  Subsequent ANP therapy lines should be reported on a new CRF.",LANP_LABEL2,,Text,,,,
1,LANP,No,ig_LANP1,Subject Information,ig_LANP1,,ANPYN,Medication/Therapy to Report?,ANPYN,,Text,cl_YN1,cl_YN1,,
1,LANP,No,ig_LANP2,Antineoplastic Therapy,ig_LANP2,,ANPDOS,Dose,ANPDOS,,Text,,,,
1,LANP,No,ig_LANP2,Antineoplastic Therapy,ig_LANP2,,ANPFRQOTH,Specify Frequency,ANPFRQOTH,,Text,,,,
1,LANP,No,ig_LANP2,Antineoplastic Therapy,ig_LANP2,,ANPROUTEOTH,Specify Route,ANPROUTEOTH,,Text,,,,
1,LANP,No,ig_LANP2,Antineoplastic Therapy,ig_LANP2,,ANPDOSUOTH,Specify Unit,ANPDOSUOTH,,Text,,,,
1,LANP,No,ig_LANP2,Antineoplastic Therapy,ig_LANP2,,ANPTXT,Medication/Therapy,ANPTXT,,Text,,,,
1,LANP,No,ig_LANP2,Antineoplastic Therapy,ig_LANP2,,ANPONGO,Ongoing,ANPONGO,,Text,cl_YN1,cl_YN1,,
1,LANP,No,ig_LANP2,Antineoplastic Therapy,ig_LANP2,,ANPENDDAT,Stop Date,ANPENDDAT,,Date,,,,
1,LANP,No,ig_LANP2,Antineoplastic Therapy,ig_LANP2,,ANPROUTE,Route,ANPROUTE,,Text,cl_ANPROUTE1,cl_ANPROUTE1,,
1,LANP,No,ig_LANP2,Antineoplastic Therapy,ig_LANP2,,ANPSTDAT,Start Date,ANPSTDAT,,Date,,,,
1,LANP,No,ig_LANP2,Antineoplastic Therapy,ig_LANP2,,ANPDOSU,Unit,ANPDOSU,,Text,cl_ANPUNIT1,cl_ANPUNIT1,,
1,LANP,No,ig_LANP2,Antineoplastic Therapy,ig_LANP2,,ANPDOSFRQ,Frequency,ANPDOSFRQ,,Text,cl_ANPFREQ1,cl_ANPFREQ1,,
1,LANP,No,ig_LANP2,Antineoplastic Therapy,ig_LANP2,,ANPCAT,Therapy Type,ANPCAT,,Text,cl_ANPTRTCAT1,cl_ANPTRTCAT1,,
1,TF,No,ig_TF1,Transfusion,ig_TF1,,TFCAT,Treatment Administered,TFCAT,,Text,cl_TFCAT1,cl_TFCAT1,,
1,TF,No,ig_TF1,Transfusion,ig_TF1,,TF_LABEL1,This CRF will be used to capture data for all transfusions received on or after the day of the first CAR T cell infusion (Day 0) and entry is required for all Infused Subjects. Transfusion data should be reported per calendar day. Note: Cumulative data for any transfusions received prior to the day of the first CAR T cell infusion (Day 0) should be entered on the Pre-Treatment Transfusion History CRF.,TF_LABEL1,,Text,,,,
1,TF,No,ig_TF1,Transfusion,ig_TF1,,TFYN,Transfusion Data to Report,TFYN,,Text,cl_YN1,cl_YN1,,
1,TF,No,ig_TF1,Transfusion,ig_TF1,,TFDAT,Transfusion Date,TFDAT,,Date,,,,
1,TF,No,ig_TF1,Transfusion,ig_TF1,,TFTOTU,Total Number of Units Received,TFTOTU,,Integer,,,,
1,PRBM,No,ig_PRBM1,Bone Marrow Aspirate,ig_PRBM1,,LBDAT,Collection Date,LBDAT,LBDTC,Date,,,,
1,PRBM,No,ig_PRBM1,Bone Marrow Aspirate,ig_PRBM1,,PRBMSOTH,Specify Other Methodology,PRBMSOTH,,Text,,,,
1,PRBM,No,ig_PRBM1,Bone Marrow Aspirate,ig_PRBM1,,LBNAM,Laboratory Name,LBNAM,LBNAM,Text,cl_LBNAME1,cl_LBNAME1,,
1,PRBM,No,ig_PRBM1,Bone Marrow Aspirate,ig_PRBM1,,PRBM_LABEL1,Please check all methodologies used,PRBM_LABEL1,,Text,,,,
1,PRBM,No,ig_PRBM1,Bone Marrow Aspirate,ig_PRBM1,,PRMRDCDRES,CD19 Positive,PRMRDCDRES,,Text,cl_PRMRDCDRES,cl_PRMRDCDRES,,
1,PRBM,No,ig_PRBM1,Bone Marrow Aspirate,ig_PRBM1,,PRBMFC,Flow Cytometry,PRBMFC,,Boolean,,,,
1,PRBM,No,ig_PRBM1,Bone Marrow Aspirate,ig_PRBM1,,PRBMIHC,IHC,PRBMIHC,,Boolean,,,,
1,PRBM,No,ig_PRBM1,Bone Marrow Aspirate,ig_PRBM1,,RSBMOCCUR,Was there disease involvement?,RSBMOCCUR,,Text,cl_YN1,cl_YN1,,
1,PRBM,No,ig_PRBM1,Bone Marrow Aspirate,ig_PRBM1,,PRBMMPV,Percentage of Disease Involvement by Morphology,PRBMMPV,,Text,,,,
1,PRBM,No,ig_PRBM1,Bone Marrow Aspirate,ig_PRBM1,,PRBMMA,Marrow Aspirate,PRBMMA,,Text,cl_DNDBM1,cl_DNDBM1,,
1,PRBM,No,ig_PRBM1,Bone Marrow Aspirate,ig_PRBM1,,LBNAMOTH,Specify Other Laboratory,LBNAMOTH,LBNAMOTH,Text,,,,
1,PRBM,No,ig_PRBM1,Bone Marrow Aspirate,ig_PRBM1,,PRBMOTH,Other,PRBMOTH,,Boolean,,,,
1,PRBM,No,ig_PRBM2,Bone Marrow Biopsy,ig_PRBM2,,LBDAT,Collection Date,LBDAT,LBDTC,Date,,,,
1,PRBM,No,ig_PRBM2,Bone Marrow Biopsy,ig_PRBM2,,PRBMMB,Marrow Biopsy,PRBMMB,,Text,cl_DNDBM1,cl_DNDBM1,,
1,PRBM,No,ig_PRBM2,Bone Marrow Biopsy,ig_PRBM2,,PRBMSOTH,Specify Other Methodology,PRBMSOTH,,Text,,,,
1,PRBM,No,ig_PRBM2,Bone Marrow Biopsy,ig_PRBM2,,LBNAM,Laboratory Name,LBNAM,LBNAM,Text,cl_LBNAME1,cl_LBNAME1,,
1,PRBM,No,ig_PRBM2,Bone Marrow Biopsy,ig_PRBM2,,PRBM_LABEL1,Please check all methodologies used,PRBM_LABEL1,,Text,,,,
1,PRBM,No,ig_PRBM2,Bone Marrow Biopsy,ig_PRBM2,,PRBMFC,Flow Cytometry,PRBMFC,,Boolean,,,,
1,PRBM,No,ig_PRBM2,Bone Marrow Biopsy,ig_PRBM2,,PRBMMBCELL,Cellularity,PRBMMBCELL,,Text,cl_PRBMMBCELL1,cl_PRBMMBCELL1,,
1,PRBM,No,ig_PRBM2,Bone Marrow Biopsy,ig_PRBM2,,PRBMIHC,IHC,PRBMIHC,,Boolean,,,,
1,PRBM,No,ig_PRBM2,Bone Marrow Biopsy,ig_PRBM2,,RSBMOCCUR,Was there disease involvement?,RSBMOCCUR,,Text,cl_YN1,cl_YN1,,
1,PRBM,No,ig_PRBM2,Bone Marrow Biopsy,ig_PRBM2,,LBNAMOTH,Specify Other Laboratory,LBNAMOTH,LBNAMOTH,Text,,,,
1,PRBM,No,ig_PRBM2,Bone Marrow Biopsy,ig_PRBM2,,PRBMOTH,Other,PRBMOTH,,Boolean,,,,
1,CLLIMG,No,ig_CLLIMG8,Constitutional Symptoms,ig_CLLIMG8,,WEIGHTLOSSYN,Unexplained loss of body weight >10% within the previous 6 months?,WEIGHTLOSSYN,,Text,cl_YNNAS1,cl_YNNAS1,,
1,CLLIMG,No,ig_CLLIMG8,Constitutional Symptoms,ig_CLLIMG8,,SWEATSYN,Unexplained night sweats > 1 month?,SWEATSYN,,Text,cl_YNNAS1,cl_YNNAS1,,
1,CLLIMG,No,ig_CLLIMG8,Constitutional Symptoms,ig_CLLIMG8,,FEVERYN,Unexplained fevers greater than 100.4 F for >/=2 weeks?,FEVERYN,,Text,cl_YNNAS1,cl_YNNAS1,,
1,CLLIMG,No,ig_CLLIMG8,Constitutional Symptoms,ig_CLLIMG8,,CSYMYN,Were constitutional symptoms assessed?,CSYMYN,,Text,cl_YN1,cl_YN1,,
1,CLLIMG,No,ig_CLLIMG8,Constitutional Symptoms,ig_CLLIMG8,,FATIGUEYN,Fatigue that interferes with work or usual activities?,FATIGUEYN,,Text,cl_YNNAS1,cl_YNNAS1,,
1,CLLIMG,No,ig_CLLIMG8,Constitutional Symptoms,ig_CLLIMG8,,ASSDAT,Date of Assessment,ASSDAT,,Date,,,,
1,CLLIMG,No,ig_CLLIMG4,Radiologic Evaluation - Total Nodal Lesion Summary,ig_CLLIMG4,,MBPSUV,Mediastinal Blood Pool  SUV,MBPSUV,,Float,,,,
1,CLLIMG,No,ig_CLLIMG4,Radiologic Evaluation - Total Nodal Lesion Summary,ig_CLLIMG4,,LVRSUV,Liver SUV,LVRSUV,,Float,,,,
1,CLLIMG,No,ig_CLLIMG4,Radiologic Evaluation - Total Nodal Lesion Summary,ig_CLLIMG4,,CLLNLESSUM,Nodal Lesion Product Sum,CLLNLESSUM,,Float,,,mu_SQMMCM,mu_SQMMCM
1,CLLIMG,No,ig_CLLIMG4,Radiologic Evaluation - Total Nodal Lesion Summary,ig_CLLIMG4,,SUVMAX,Maximum SUV,SUVMAX,,Float,,,,
1,CLLIMG,No,ig_CLLIMG4,Radiologic Evaluation - Total Nodal Lesion Summary,ig_CLLIMG4,,CLLNLESCP,Nodal Lesion Change Percentage (+ or -) %,CLLNLESCP,,Float,,,,
1,CLLIMG,No,ig_CLLIMG5,Radiologic Evaluation - New Lesions,ig_CLLIMG5,,SDIA,Shortest Diameter,SDIA,,Float,,,mu_MMCM,mu_MMCM
1,CLLIMG,No,ig_CLLIMG5,Radiologic Evaluation - New Lesions,ig_CLLIMG5,,LDIA,Longest Diameter,LDIA,,Float,,,mu_MMCM,mu_MMCM
1,CLLIMG,No,ig_CLLIMG5,Radiologic Evaluation - New Lesions,ig_CLLIMG5,,SERIESIMAGE,Series or Image,SERIESIMAGE,,Text,,,,
1,CLLIMG,No,ig_CLLIMG5,Radiologic Evaluation - New Lesions,ig_CLLIMG5,,LESLOC,Location,LESLOC,,Text,,,,
1,CLLIMG,No,ig_CLLIMG5,Radiologic Evaluation - New Lesions,ig_CLLIMG5,,CLLLESTYP,Lesion Type,CLLLESTYP,,Text,cl_CLLLESTYP1,cl_CLLLESTYP1,,
1,CLLIMG,No,ig_CLLIMG5,Radiologic Evaluation - New Lesions,ig_CLLIMG5,,LESNUM,Lesion Number,LESNUM,,Integer,,,,
1,CLLIMG,No,ig_CLLIMG1,Subject Information,ig_CLLIMG1,,IMGTPTDY,"For Unscheduled Time Point, Specify Day #",IMGTPTDY,,Text,,,,
1,CLLIMG,No,ig_CLLIMG1,Subject Information,ig_CLLIMG1,,IMGTPT,Time Point,IMGTPT,,Text,cl_IMGTPT1,cl_IMGTPT1,,
1,CLLIMG,No,ig_CLLIMG1,Subject Information,ig_CLLIMG1,,CLLDISPERF,Was CLL disease evaluation performed?,CLLDISPERF,,Text,cl_YN1,cl_YN1,,
1,CLLIMG,No,ig_CLLIMG6,Spleen Evaluation,ig_CLLIMG6,,EVLMTD,Evaluation Method,EVLMTD,,Text,cl_EVLMTD1,cl_EVLMTD1,,
1,CLLIMG,No,ig_CLLIMG6,Spleen Evaluation,ig_CLLIMG6,,EVLDAT,Evaluation Date,EVLDAT,,Date,,,,
1,CLLIMG,No,ig_CLLIMG6,Spleen Evaluation,ig_CLLIMG6,,CLLSPLPERF,Was an evaluation of the spleen performed?,CLLSPLPERF,,Text,cl_YN1,cl_YN1,,
1,CLLIMG,No,ig_CLLIMG6,Spleen Evaluation,ig_CLLIMG6,,EVLMTDOTH,Specify Other Evaluation Method,EVLMTDOTH,,Text,,,,
1,CLLIMG,No,ig_CLLIMG6,Spleen Evaluation,ig_CLLIMG6,,EVLRES,Evaluation Results,EVLRES,,Text,cl_EVLRES1,cl_EVLRES1,,
1,CLLIMG,No,ig_CLLIMG6,Spleen Evaluation,ig_CLLIMG6,,TDIA,Transverse Diameter,TDIA,,Float,,,mu_MMCM,mu_MMCM
1,CLLIMG,No,ig_CLLIMG6,Spleen Evaluation,ig_CLLIMG6,,PDIA,Perpendicular Diameter,PDIA,,Float,,,mu_MMCM,mu_MMCM
1,CLLIMG,No,ig_CLLIMG2,Radiologic Evaluation,ig_CLLIMG2,,TOTINTP,Overall Interpretation,TOTINTP,,Text,cl_TOTINTP1,cl_TOTINTP1,,
1,CLLIMG,No,ig_CLLIMG2,Radiologic Evaluation,ig_CLLIMG2,,IMGLOC2,Imaging Location,IMGLOC2,,Text,cl_CLLIMGLOC1,cl_CLLIMGLOC1,,
1,CLLIMG,No,ig_CLLIMG2,Radiologic Evaluation,ig_CLLIMG2,,SPIMGLOC,Specify Other Imaging Location,SPIMGLOC,,Text,,,,
1,CLLIMG,No,ig_CLLIMG2,Radiologic Evaluation,ig_CLLIMG2,,CLLIMGTYP2,Type of Imaging,CLLIMGTYP2,,Text,cl_CLLIMGTYP1,cl_CLLIMGTYP1,,
1,CLLIMG,No,ig_CLLIMG2,Radiologic Evaluation,ig_CLLIMG2,,CLLIMGTYPOTH,Specify Other Imaging Type,CLLIMGTYPOTH,,Text,,,,
1,CLLIMG,No,ig_CLLIMG2,Radiologic Evaluation,ig_CLLIMG2,,IMGDAT2,Imaging Date,IMGDAT2,,Date,,,,
1,CLLIMG,No,ig_CLLIMG2,Radiologic Evaluation,ig_CLLIMG2,,IMGDAT,Imaging Date,IMGDAT,,Date,,,,
1,CLLIMG,No,ig_CLLIMG2,Radiologic Evaluation,ig_CLLIMG2,,CLLIMGTYP,Type of Imaging,CLLIMGTYP,,Text,cl_CLLIMGTYP1,cl_CLLIMGTYP1,,
1,CLLIMG,No,ig_CLLIMG2,Radiologic Evaluation,ig_CLLIMG2,,ADDIMGPERF,Additional imaging performed on another date?,ADDIMGPERF,,Text,cl_YN1,cl_YN1,,
1,CLLIMG,No,ig_CLLIMG2,Radiologic Evaluation,ig_CLLIMG2,,SPIMGLOC2,Specify Other Imaging Location,SPIMGLOC2,,Text,,,,
1,CLLIMG,No,ig_CLLIMG2,Radiologic Evaluation,ig_CLLIMG2,,IMGLOC,Imaging Location,IMGLOC,,Text,cl_CLLIMGLOC1,cl_CLLIMGLOC1,,
1,CLLIMG,No,ig_CLLIMG2,Radiologic Evaluation,ig_CLLIMG2,,CLLNEWLYN,Were new lesions identified > 1.5cm? ,CLLNEWLYN,,Text,cl_YNNAS1,cl_YNNAS1,,
1,CLLIMG,No,ig_CLLIMG2,Radiologic Evaluation,ig_CLLIMG2,,CLLIMGTYPOTH2,Specify Other Imaging Type,CLLIMGTYPOTH2,,Text,,,,
1,CLLIMG,No,ig_CLLIMG2,Radiologic Evaluation,ig_CLLIMG2,,CLLNLYN,Were Nodal Lesions Identified?,CLLNLYN,,Text,cl_YNNAS1,cl_YNNAS1,,
1,CLLIMG,No,ig_CLLIMG7,Liver Evaluation,ig_CLLIMG7,,EVLMTD,Evaluation Method,EVLMTD,,Text,cl_EVLMTD1,cl_EVLMTD1,,
1,CLLIMG,No,ig_CLLIMG7,Liver Evaluation,ig_CLLIMG7,,EVLDAT,Evaluation Date,EVLDAT,,Date,,,,
1,CLLIMG,No,ig_CLLIMG7,Liver Evaluation,ig_CLLIMG7,,EVLMTDOTH,Specify Other Evaluation Method,EVLMTDOTH,,Text,,,,
1,CLLIMG,No,ig_CLLIMG7,Liver Evaluation,ig_CLLIMG7,,EVLRES,Evaluation Results,EVLRES,,Text,cl_EVLRES1,cl_EVLRES1,,
1,CLLIMG,No,ig_CLLIMG7,Liver Evaluation,ig_CLLIMG7,,CLLLVRPERF,Was an evaluation of the liver performed?,CLLLVRPERF,,Text,cl_YN1,cl_YN1,,
1,CLLIMG,No,ig_CLLIMG3,Radiologic Evaluation - Nodal Lesions,ig_CLLIMG3,,SDIA,Shortest Diameter,SDIA,,Float,,,mu_MMCM,mu_MMCM
1,CLLIMG,No,ig_CLLIMG3,Radiologic Evaluation - Nodal Lesions,ig_CLLIMG3,,LDIA,Longest Diameter,LDIA,,Float,,,mu_MMCM,mu_MMCM
1,CLLIMG,No,ig_CLLIMG3,Radiologic Evaluation - Nodal Lesions,ig_CLLIMG3,,SERIESIMAGE,Series or Image,SERIESIMAGE,,Text,,,,
1,CLLIMG,No,ig_CLLIMG3,Radiologic Evaluation - Nodal Lesions,ig_CLLIMG3,,LESLOC,Location,LESLOC,,Text,,,,
1,CLLIMG,No,ig_CLLIMG3,Radiologic Evaluation - Nodal Lesions,ig_CLLIMG3,,LESNUM,Lesion Number,LESNUM,,Integer,,,,
1,CDEXP,No,ig_CDEXP1,CD19 Expression,ig_CDEXP1,,LBDAT,Collection Date,LBDAT,LBDTC,Date,,,,
1,CDEXP,No,ig_CDEXP1,CD19 Expression,ig_CDEXP1,,CDEXPSAMTYP,Sample Type,CDEXPSAMTYP,,Text,cl_CDEXPSAMTYP1,cl_CDEXPSAMTYP1,,
1,CDEXP,No,ig_CDEXP1,CD19 Expression,ig_CDEXP1,,CDEXPPERF,Was CD19 Expression test performed?,CDEXPPERF,,Text,cl_YN1,cl_YN1,,
1,CDEXP,No,ig_CDEXP1,CD19 Expression,ig_CDEXP1,,LBNAM,Laboratory Name,LBNAM,LBNAM,Text,cl_LBNAME1,cl_LBNAME1,,
1,CDEXP,No,ig_CDEXP1,CD19 Expression,ig_CDEXP1,,CDEXPRESULT,CD19 Expression Result,CDEXPRESULT,,Text,cl_POSNEG1,cl_POSNEG1,,
1,CDEXP,No,ig_CDEXP1,CD19 Expression,ig_CDEXP1,,CDEXPMETHOD,What methodology was used for test?,CDEXPMETHOD,,Text,cl_CDEXPMETHOD1,cl_CDEXPMETHOD1,,
1,CDEXP,No,ig_CDEXP1,CD19 Expression,ig_CDEXP1,,CDEXPSAMTYPOTH,Specify Other Sample Type,CDEXPSAMTYPOTH,,Text,,,,
1,CDEXP,No,ig_CDEXP1,CD19 Expression,ig_CDEXP1,,CDEXPMETHODOTH,Specify Other Methodology,CDEXPMETHODOTH,,Text,,,,
1,CDEXP,No,ig_CDEXP1,CD19 Expression,ig_CDEXP1,,LBNAMOTH,Specify Other Laboratory,LBNAMOTH,LBNAMOTH,Text,,,,
1,NHLIMG,No,ig_NHLIMG7,Summary Evaluation,ig_NHLIMG7,,NHLILESCP1,Index Lesion Percent Change From Baseline (+ or -) %,NHLILESCP1,,Float,,,,
1,NHLIMG,No,ig_NHLIMG7,Summary Evaluation,ig_NHLIMG7,,NHLILESCP2,Index Lesion Percent Change From Previous Assessment (+ or -) %,NHLILESCP2,,Float,,,,
1,NHLIMG,No,ig_NHLIMG7,Summary Evaluation,ig_NHLIMG7,,NHLNILESRSP,Non-Index Lesion Response ,NHLNILESRSP,,Text,cl_PRESENTNAS1,cl_PRESENTNAS1,,
1,NHLIMG,No,ig_NHLIMG7,Summary Evaluation,ig_NHLIMG7,,MBPSUV,Mediastinal Blood Pool  SUV,MBPSUV,,Float,,,,
1,NHLIMG,No,ig_NHLIMG7,Summary Evaluation,ig_NHLIMG7,,NHLNEWLESPRS,New Lesions Present?,NHLNEWLESPRS,,Text,cl_YN1,cl_YN1,,
1,NHLIMG,No,ig_NHLIMG7,Summary Evaluation,ig_NHLIMG7,,NHLPETBMST,PET Bone Marrow Status,NHLPETBMST,,Text,cl_NHLPETBMST1,cl_NHLPETBMST1,,
1,NHLIMG,No,ig_NHLIMG7,Summary Evaluation,ig_NHLIMG7,,LVRSUV,Liver SUV,LVRSUV,,Float,,,,
1,NHLIMG,No,ig_NHLIMG7,Summary Evaluation,ig_NHLIMG7,,SUVMAX,Maximum SUV,SUVMAX,,Float,,,,
1,NHLIMG,No,ig_NHLIMG7,Summary Evaluation,ig_NHLIMG7,,NHLNAUPTKLYMPH,New Areas of Uptake Related to Lymphoma,NHLNAUPTKLYMPH,,Text,cl_YNNAS1,cl_YNNAS1,,
1,NHLIMG,No,ig_NHLIMG7,Summary Evaluation,ig_NHLIMG7,,NHLILESSUM,Index Lesion Product Sum,NHLILESSUM,,Float,,,mu_SQMMCM,mu_SQMMCM
1,NHLIMG,No,ig_NHLIMG7,Summary Evaluation,ig_NHLIMG7,,NHLILESRSP,Index Lesion Response ,NHLILESRSP,,Text,cl_NHLILESRSP1,cl_NHLILESRSP1,,
1,NHLIMG,No,ig_NHLIMG6,Bone Marrow Involvement,ig_NHLIMG6,,NHLIMG_LABEL1,Please ensure that the  Bone Marrow CRF is entered appropriately.,NHLIMG_LABEL1,,Text,,,,
1,NHLIMG,No,ig_NHLIMG6,Bone Marrow Involvement,ig_NHLIMG6,,BMINVLV,Bone Marrow Involvement?,BMINVLV,,Text,cl_NHLBMINVLV1,cl_NHLBMINVLV1,,
1,NHLIMG,No,ig_NHLIMG4,New Lesions,ig_NHLIMG4,,SDIA,Shortest Diameter,SDIA,,Float,,,mu_MMCM,mu_MMCM
1,NHLIMG,No,ig_NHLIMG4,New Lesions,ig_NHLIMG4,,LDIA,Longest Diameter,LDIA,,Float,,,mu_MMCM,mu_MMCM
1,NHLIMG,No,ig_NHLIMG4,New Lesions,ig_NHLIMG4,,SERIESIMAGE,Series or Image,SERIESIMAGE,,Text,,,,
1,NHLIMG,No,ig_NHLIMG4,New Lesions,ig_NHLIMG4,,LESLOC,Location,LESLOC,,Text,,,,
1,NHLIMG,No,ig_NHLIMG4,New Lesions,ig_NHLIMG4,,LESNUM,Lesion Number,LESNUM,,Integer,,,,
1,NHLIMG,No,ig_NHLIMG4,New Lesions,ig_NHLIMG4,,NHLLESTYP,Lesion Type,NHLLESTYP,,Text,cl_NHLIMGLESTYP1,cl_NHLIMGLESTYP1,,
1,NHLIMG,No,ig_NHLIMG1,Subject Information,ig_NHLIMG1,,NHLEVLMTD2,Evaluation Method,NHLEVLMTD2,,Text,cl_NHLEVLMTD1,cl_NHLEVLMTD1,,
1,NHLIMG,No,ig_NHLIMG1,Subject Information,ig_NHLIMG1,,IMGTPT,Time Point,IMGTPT,,Text,cl_IMGTPT1,cl_IMGTPT1,,
1,NHLIMG,No,ig_NHLIMG1,Subject Information,ig_NHLIMG1,,NHLNILESYN,Non-Index Lesions Identified?,NHLNILESYN,,Text,cl_YNNAS1,cl_YNNAS1,,
1,NHLIMG,No,ig_NHLIMG1,Subject Information,ig_NHLIMG1,,EVLMTDOTH,Specify Other Evaluation Method,EVLMTDOTH,,Text,,,,
1,NHLIMG,No,ig_NHLIMG1,Subject Information,ig_NHLIMG1,,EVLMTDOTH2,Specify Other Evaluation Method,EVLMTDOTH2,,Text,,,,
1,NHLIMG,No,ig_NHLIMG1,Subject Information,ig_NHLIMG1,,TSTDAT,Assessment Date,TSTDAT,,Date,,,,
1,NHLIMG,No,ig_NHLIMG1,Subject Information,ig_NHLIMG1,,IMGTPTDY,"For Unscheduled Time Point, Specify Day #",IMGTPTDY,,Text,,,,
1,NHLIMG,No,ig_NHLIMG1,Subject Information,ig_NHLIMG1,,NHLEVLMTD,Evaluation Method,NHLEVLMTD,,Text,cl_NHLEVLMTD1,cl_NHLEVLMTD1,,
1,NHLIMG,No,ig_NHLIMG1,Subject Information,ig_NHLIMG1,,NHLILESYN,Index Lesions Identified?,NHLILESYN,,Text,cl_YNNAS1,cl_YNNAS1,,
1,NHLIMG,No,ig_NHLIMG1,Subject Information,ig_NHLIMG1,,TSTDAT2,Assessment Date,TSTDAT2,,Date,,,,
1,NHLIMG,No,ig_NHLIMG1,Subject Information,ig_NHLIMG1,,ADDIMGPERF,Additional imaging performed on another date?,ADDIMGPERF,,Text,cl_YN1,cl_YN1,,
1,NHLIMG,No,ig_NHLIMG1,Subject Information,ig_NHLIMG1,,NHLIMGPERF,Was radiographic imaging performed?,NHLIMGPERF,,Text,cl_YN1,cl_YN1,,
1,NHLIMG,No,ig_NHLIMG1,Subject Information,ig_NHLIMG1,,NHLNEWLESYN,New Lesions Identified?,NHLNEWLESYN,,Text,cl_YNNAS1,cl_YNNAS1,,
1,NHLIMG,No,ig_NHLIMG5,Spleen Evaluation,ig_NHLIMG5,,EVLMTD,Evaluation Method,EVLMTD,,Text,cl_EVLMTD1,cl_EVLMTD1,,
1,NHLIMG,No,ig_NHLIMG5,Spleen Evaluation,ig_NHLIMG5,,EVLDAT,Evaluation Date,EVLDAT,,Date,,,,
1,NHLIMG,No,ig_NHLIMG5,Spleen Evaluation,ig_NHLIMG5,,EVLMTDOTH,Specify Other Evaluation Method,EVLMTDOTH,,Text,,,,
1,NHLIMG,No,ig_NHLIMG5,Spleen Evaluation,ig_NHLIMG5,,NHLSPPERF,Was an evaluation of the spleen performed?,NHLSPPERF,,Text,cl_YN1,cl_YN1,,
1,NHLIMG,No,ig_NHLIMG5,Spleen Evaluation,ig_NHLIMG5,,EVLRES,Evaluation Results,EVLRES,,Text,cl_EVLRES1,cl_EVLRES1,,
1,NHLIMG,No,ig_NHLIMG5,Spleen Evaluation,ig_NHLIMG5,,TDIA,Transverse Diameter,TDIA,,Float,,,mu_MMCM,mu_MMCM
1,NHLIMG,No,ig_NHLIMG5,Spleen Evaluation,ig_NHLIMG5,,PDIA,Perpendicular Diameter,PDIA,,Float,,,mu_MMCM,mu_MMCM
1,NHLIMG,No,ig_NHLIMG2,Index Lesions,ig_NHLIMG2,,SDIA,Shortest Diameter,SDIA,,Float,,,mu_MMCM,mu_MMCM
1,NHLIMG,No,ig_NHLIMG2,Index Lesions,ig_NHLIMG2,,LDIA,Longest Diameter,LDIA,,Float,,,mu_MMCM,mu_MMCM
1,NHLIMG,No,ig_NHLIMG2,Index Lesions,ig_NHLIMG2,,SERIESIMAGE,Series or Image,SERIESIMAGE,,Text,,,,
1,NHLIMG,No,ig_NHLIMG2,Index Lesions,ig_NHLIMG2,,LESLOC,Location,LESLOC,,Text,,,,
1,NHLIMG,No,ig_NHLIMG2,Index Lesions,ig_NHLIMG2,,LESNUM,Lesion Number,LESNUM,,Integer,,,,
1,NHLIMG,No,ig_NHLIMG3,Non-Index Lesions,ig_NHLIMG3,,LESLOC,Location,LESLOC,,Text,,,,
1,NHLIMG,No,ig_NHLIMG3,Non-Index Lesions,ig_NHLIMG3,,LESNUM,Lesion Number,LESNUM,,Integer,,,,
1,NHLIMG,No,ig_NHLIMG3,Non-Index Lesions,ig_NHLIMG3,,LESPRES,Presence,LESPRES,,Text,cl_PRESENT1,cl_PRESENT1,,
1,RPPREG,No,ig_RPPREG1,Pregnancy Test,ig_RPPREG1,,LBDAT,Collection Date,LBDAT,LBDTC,Date,,,,
1,RPPREG,No,ig_RPPREG1,Pregnancy Test,ig_RPPREG1,,LBNAM,Laboratory Name,LBNAM,LBNAM,Text,cl_LBNAME1,cl_LBNAME1,,
1,RPPREG,No,ig_RPPREG1,Pregnancy Test,ig_RPPREG1,,RPTEST,Pregnancy Test Type,RPTEST,,Text,cl_PREGTSTTYP1,cl_PREGTSTTYP1,,
1,RPPREG,No,ig_RPPREG1,Pregnancy Test,ig_RPPREG1,,RPPERF,Was the pregnancy test performed?,RPPERF,,Text,cl_RPPERF1,cl_RPPERF1,,
1,RPPREG,No,ig_RPPREG1,Pregnancy Test,ig_RPPREG1,,RPORRES, Pregnancy Test Result,RPORRES,,Text,cl_POSNEG1,cl_POSNEG1,,
1,RPPREG,No,ig_RPPREG1,Pregnancy Test,ig_RPPREG1,,RPPREG_LABEL1,Complete an Adverse Event Form if the pregnancy test result is positive.,RPPREG_LABEL1,,Text,,,,
1,RPPREG,No,ig_RPPREG1,Pregnancy Test,ig_RPPREG1,,LBNAMOTH,Specify Other Laboratory,LBNAMOTH,LBNAMOTH,Text,,,,
1,PRCNSEVL,No,ig_PRCNSEVL1,CNS Evaluation,ig_PRCNSEVL1,,PRCNSPERF,Was a CNS Evaluation performed?,PRCNSPERF,,Text,cl_YN1,cl_YN1,,
1,PRCNSEVL,No,ig_PRCNSEVL1,CNS Evaluation,ig_PRCNSEVL1,,PRCNSORRES,CNS Symptoms Present?,PRCNSORRES,,Text,cl_YN1,cl_YN1,,
1,PRCNSEVL,No,ig_PRCNSEVL2,Brain Imaging,ig_PRCNSEVL2,,PRBIPERF,Was Brain Imaging performed?,PRBIPERF,,Text,cl_YN1,cl_YN1,,
1,PRCNSEVL,No,ig_PRCNSEVL2,Brain Imaging,ig_PRCNSEVL2,,PRBIIMGTYP,Type of Imaging,PRBIIMGTYP,,Text,cl_PRBIIMGTYP1,cl_PRBIIMGTYP1,,
1,PRCNSEVL,No,ig_PRCNSEVL2,Brain Imaging,ig_PRCNSEVL2,,PRIVDYE,Was IV Contrast Dye used?,PRIVDYE,,Text,cl_YN1,cl_YN1,,
1,PRCNSEVL,No,ig_PRCNSEVL2,Brain Imaging,ig_PRCNSEVL2,,IMGDAT,Imaging Date,IMGDAT,,Date,,,,
1,PRCNSEVL,No,ig_PRCNSEVL2,Brain Imaging,ig_PRCNSEVL2,,PRBIRES,Brain Imaging Results,PRBIRES,,Text,cl_PRBIRES1,cl_PRBIRES1,,
1,PRCNSEVL,No,ig_PRCNSEVL2,Brain Imaging,ig_PRCNSEVL2,,PRBIRESOTH,Specify Other Brain Imaging Results,PRBIRESOTH,,Text,,,,
1,PRCNSEVL,No,ig_PRCNSEVL2,Brain Imaging,ig_PRCNSEVL2,,PRBIIMGTYPOTH,Specify Other Type of Imaging,PRBIIMGTYPOTH,,Text,,,,
1,PRCNSEVL,No,ig_PRCNSEVL3,CSF Evaluation,ig_PRCNSEVL3,,LBDAT,Collection Date,LBDAT,LBDTC,Date,,,,
1,PRCNSEVL,No,ig_PRCNSEVL3,CSF Evaluation,ig_PRCNSEVL3,,PRLPPERF,Was a Lumbar Puncture performed?,PRLPPERF,,Text,cl_YN1,cl_YN1,,
1,PRCNSEVL,No,ig_PRCNSEVL3,CSF Evaluation,ig_PRCNSEVL3,,LBNAM,Laboratory Name,LBNAM,LBNAM,Text,cl_LBNAME1,cl_LBNAME1,,
1,PRCNSEVL,No,ig_PRCNSEVL3,CSF Evaluation,ig_PRCNSEVL3,,LEUKINVLV,Lymphoma or CLL involvement?,LEUKINVLV,,Text,cl_YNINC1,cl_YNINC1,,
1,PRCNSEVL,No,ig_PRCNSEVL3,CSF Evaluation,ig_PRCNSEVL3,,LBNAMOTH,Specify Other Laboratory,LBNAMOTH,LBNAMOTH,Text,,,,
1,PRXRAY,No,ig_PRXRAY1,Chest X-Ray,ig_PRXRAY1,,PRXRAYINTP,Chest X-ray Interpretation,PRXRAYINTP,,Text,cl_TOTINTP1,cl_TOTINTP1,,
1,PRXRAY,No,ig_PRXRAY1,Chest X-Ray,ig_PRXRAY1,,PRXRAYPERF,Was a chest x-ray performed per protocol?,PRXRAYPERF,,Text,cl_YN1,cl_YN1,,
1,PRXRAY,No,ig_PRXRAY1,Chest X-Ray,ig_PRXRAY1,,PRXRAYDAT,Date of Chest X-ray,PRXRAYDAT,,Date,,,,
1,IE,No,ig_IE5,Eligibility Confirmation,ig_IE5,,ELIGPIDAT,Date of eligibility confirmation by physician-investigator,ELIGPIDAT,,Date,,,,
1,IE,No,ig_IE5,Eligibility Confirmation,ig_IE5,,ELIGMONDAT,Date of completion of monitoring visit for eligibility,ELIGMONDAT,,Date,,,,
1,IE,No,ig_IE4,Screen Failure Reason,ig_IE4,,IE_LABEL2," If a subject fails eligibility as a result of multiple reasons, the most substantive cause should be reported, as confirmed by the physician-investigator.",IE_LABEL2,,Text,,,,
1,IE,No,ig_IE4,Screen Failure Reason,ig_IE4,,ITESTCD,Select the primary inclusion criterion excluding this subject ,ITESTCD,,Text,cl_IEINCL1,cl_IEINCL1,,
1,IE,No,ig_IE4,Screen Failure Reason,ig_IE4,,IECAT,Screen Failure Reason,IECAT,,Text,cl_IEREASSF1,cl_IEREASSF1,,
1,IE,No,ig_IE4,Screen Failure Reason,ig_IE4,,ETESTCD,Select the primary exclusion criterion excluding this subject,ETESTCD,,Text,cl_IEEXCL1,cl_IEEXCL1,,
1,IE,No,ig_IE4,Screen Failure Reason,ig_IE4,,IE_LABEL3," If a subject withdraws consent during screening, the inclusion criterion specific to written informed consent should always be cited as the primary screen failure reason.",IE_LABEL3,,Text,,,,
1,IE,No,ig_IE4,Screen Failure Reason,ig_IE4,,OTHRSFREAS,Other Screen Fail Reason,OTHRSFREAS,,Text,,,,
1,IE,No,ig_IE2,Protocol Version,ig_IE2,,RFICPV,Protocol Version Number,RFICPV,,Text,cl_IEPRTCL1,cl_IEPRTCL1,,
1,IE,No,ig_IE3,Eligibility Determination,ig_IE3,,IEYN,Subject meets all study eligibility,IEYN,,Text,cl_YN1,cl_YN1,,
1,IE,No,ig_IE3,Eligibility Determination,ig_IE3,,IE_LABEL1, Data from any testing performed/used to evaluate eligibility must be reported on the appropriate CRF.,IE_LABEL1,,Text,,,,
1,IE,No,ig_IE1,Consent,ig_IE1,,SIGNMAINC,Did subject sign the consent form?,SIGNMAINC,,Text,cl_YN1,cl_YN1,,
1,IE,No,ig_IE1,Consent,ig_IE1,,MAINCDAT,Consent Date,MAINCDAT,,Date,,,,
1,EM,No,ig_EM1,Subject Information,ig_EM1,,EMPERF,Which test was performed?,EMPERF,,Text,cl_ECHOMUGA1,cl_ECHOMUGA1,,
1,EM,No,ig_EM3,Multi Gated Acquisition Scan,ig_EM3,,MUGADAT,Date of MUGA,MUGADAT,,Date,,,,
1,EM,No,ig_EM3,Multi Gated Acquisition Scan,ig_EM3,,MUGALVEF,Left Ventricular Ejection Fraction (LVEF) %,MUGALVEF,,Float,,,,
1,EM,No,ig_EM2,Echocardiogram,ig_EM2,,ECHOLEVF,Left Ventricular Ejection Fraction (LVEF) %,ECHOLEVF,,Float,,,,
1,EM,No,ig_EM2,Echocardiogram,ig_EM2,,ECHODAT,Date of ECHO,ECHODAT,,Date,,,,
1,HW,No,ig_HW2,Height,ig_HW2,,HEIGHT,Height,HEIGHT,,Float,,,mu_HUPHEIGHT,mu_HUPHEIGHT
1,HW,No,ig_HW2,Height,ig_HW2,,HTDAT,Date of Height,HTDAT,,Date,,,,
1,HW,No,ig_HW1,Subject Information,ig_HW1,,HWPERF,Were height and/or weight measured?,HWPERF,,Text,cl_HW1,cl_HW1,,
1,HW,No,ig_hw3,Weight,ig_hw3,,WEIGHT,Weight,WEIGHT,,Float,,,mu_HUPWEIGHT,mu_HUPWEIGHT
1,HW,No,ig_hw3,Weight,ig_hw3,,WTDAT,Date of Weight,WTDAT,,Date,,,,
1,RSC,No,ig_RSC2,Research Specimen Collection,ig_RSC2,,PCOTHSMTYP,Specify Other Sample Type,PCOTHSMTYP,,Text,,,,
1,RSC,No,ig_RSC2,Research Specimen Collection,ig_RSC2,,PCTBTYP,Tube Type,PCTBTYP,,Text,cl_PCTBTYP1,cl_PCTBTYP1,,
1,RSC,No,ig_RSC2,Research Specimen Collection,ig_RSC2,,PCOTHTBTYP,Specify Other Tube Type,PCOTHTBTYP,,Text,,,,
1,RSC,No,ig_RSC2,Research Specimen Collection,ig_RSC2,,PCRES,Number Collected,PCRES,,Integer,,,,
1,RSC,No,ig_RSC2,Research Specimen Collection,ig_RSC2,,PCSMTYP,Sample Type,PCSMTYP,,Text,cl_PCSMTYP1,cl_PCSMTYP1,,
1,RSC,No,ig_RSC2,Research Specimen Collection,ig_RSC2,,PCLBNAM,Research Laboratory,PCLBNAM,,Text,cl_PCLBNAME1,cl_PCLBNAME1,,
1,RSC,No,ig_RSC1,Subject Information,ig_RSC1,,PC_LABEL2,"If samples for the study visit are collected on different dates, please create an additional CRF per date collected.",PC_LABEL2,,Text,,,,
1,RSC,No,ig_RSC1,Subject Information,ig_RSC1,,PC_LABEL1,"If samples are collected at multiple points on infusion day, please create an additional CRF to capture samples from each relevant time point.",PC_LABEL1,,Text,,,,
1,RSC,No,ig_RSC1,Subject Information,ig_RSC1,,COLLDAT,Collection Date,COLLDAT,,Date,,,,
1,RSC,No,ig_RSC1,Subject Information,ig_RSC1,,STUDYD,Study Day,STUDYD,,Integer,,,,
1,RSC,No,ig_RSC1,Subject Information,ig_RSC1,,PCPERF,Were Research Specimens Collected?,PCPERF,,Text,cl_YNUNSARC1,cl_YNUNSARC1,,
1,RSC,No,ig_RSC1,Subject Information,ig_RSC1,,PCSMPTP,Specify Research Sample Time Point,PCSMPTP,,Text,cl_PCSMPTP1,cl_PCSMPTP1,,
1,RSC,No,ig_RSC1,Subject Information,ig_RSC1,,PCINF,Was this an infusion day?,PCINF,,Text,cl_YN1,cl_YN1,,
1,RSC,No,ig_RSC1,Subject Information,ig_RSC1,,PC_LABEL3,Select +New Section (bottom left) to record each type of research sample collected and designated research laboratory.,PC_LABEL3,,Text,,,,
1,TIBX,No,ig_TIBX1,Tissue Biopsy,ig_TIBX1,,TIBXRES,Biopsy Result,TIBXRES,,Text,cl_TIBXRES1,cl_TIBXRES1,,
1,TIBX,No,ig_TIBX1,Tissue Biopsy,ig_TIBX1,,TIBXDAT,Date of Biopsy,TIBXDAT,,Date,,,,
1,TIBX,No,ig_TIBX1,Tissue Biopsy,ig_TIBX1,,TIBXPERF,Was a tissue biopsy performed?,TIBXPERF,,Text,cl_YNUNS1,cl_YNUNS1,,
1,TIBX,No,ig_TIBX1,Tissue Biopsy,ig_TIBX1,,BXTYPOTH,Specify Other Biopsy Type,BXTYPOTH,,Text,,,,
1,TIBX,No,ig_TIBX1,Tissue Biopsy,ig_TIBX1,,STUDYD,Study Day,STUDYD,,Integer,,,,
1,TIBX,No,ig_TIBX1,Tissue Biopsy,ig_TIBX1,,TIBX_LABEL2,"If multiple lymph nodes are biopsied at the same time with differing results (e.g. if some are malignant and others are not), please create multiple CRFs from unscheduled event. Select the appropriate response for “Biopsy Result” on each form.",TIBX_LABEL2,,Text,,,,
1,TIBX,No,ig_TIBX1,Tissue Biopsy,ig_TIBX1,,TIBXRESOTH,Specify Other Biopsy Result,TIBXRESOTH,,Text,,,,
1,TIBX,No,ig_TIBX1,Tissue Biopsy,ig_TIBX1,,BXTYP,Biopsy Type,BXTYP,,Text,cl_BXTYP1,cl_BXTYP1,,
1,TIBX,No,ig_TIBX1,Tissue Biopsy,ig_TIBX1,,BXLOC,Biopsy Location,BXLOC,,Text,cl_BXLOC1,cl_BXLOC1,,
1,TIBX,No,ig_TIBX1,Tissue Biopsy,ig_TIBX1,,BXLOCOTH,Specify Other Biopsy Location,BXLOCOTH,,Text,,,,
1,TIBX,No,ig_TIBX2,Lymph Nodes Biopsied,ig_TIBX2,,LNBSITEOTH,Specify Other Lymph Nodes Biopsied,LNBSITEOTH,,Text,,,,
1,TIBX,No,ig_TIBX2,Lymph Nodes Biopsied,ig_TIBX2,,LNBSITE11,Other Lymph Nodes,LNBSITE11,,Boolean,,,,
1,TIBX,No,ig_TIBX2,Lymph Nodes Biopsied,ig_TIBX2,,LNBSITE10,Mesenteric Lymph Nodes,LNBSITE10,,Boolean,,,,
1,TIBX,No,ig_TIBX2,Lymph Nodes Biopsied,ig_TIBX2,,LNBSITE8,Iliac Lymph Nodes,LNBSITE8,,Boolean,,,,
1,TIBX,No,ig_TIBX2,Lymph Nodes Biopsied,ig_TIBX2,,TIBX_LABEL1,Please check all the lymph nodes that were biopsied.,TIBX_LABEL1,,Text,,,,
1,TIBX,No,ig_TIBX2,Lymph Nodes Biopsied,ig_TIBX2,,LNBSITE7,Inguinal Lymph Node,LNBSITE7,,Boolean,,,,
1,TIBX,No,ig_TIBX2,Lymph Nodes Biopsied,ig_TIBX2,,LNBSITE4,Mediastinal Lymph Nodes,LNBSITE4,,Boolean,,,,
1,TIBX,No,ig_TIBX2,Lymph Nodes Biopsied,ig_TIBX2,,LNBSITE3,Axillary Lymph Nodes,LNBSITE3,,Boolean,,,,
1,TIBX,No,ig_TIBX2,Lymph Nodes Biopsied,ig_TIBX2,,LNBSITE2,Supraclavicular Lymph Nodes,LNBSITE2,,Boolean,,,,
1,TIBX,No,ig_TIBX2,Lymph Nodes Biopsied,ig_TIBX2,,LNBSITE5,Para-aortic Lymph Nodes,LNBSITE5,,Boolean,,,,
1,TIBX,No,ig_TIBX2,Lymph Nodes Biopsied,ig_TIBX2,,LNBSITE1,Cervical Lymph Nodes,LNBSITE,,Boolean,,,,
1,TIBX,No,ig_TIBX2,Lymph Nodes Biopsied,ig_TIBX2,,LNBSITE9,Pelvic Lymph Nodes,LNBSITE9,,Boolean,,,,
1,TIBX,No,ig_TIBX2,Lymph Nodes Biopsied,ig_TIBX2,,LNBSITE6,Hilar Lymph Nodes,LNBSITE6,,Boolean,,,,
1,VIRS,No,ig_LBVIR4,HIV,ig_LBVIR4,,LBDAT,Collection Date,LBDAT,LBDTC,Date,,,,
1,VIRS,No,ig_LBVIR4,HIV,ig_LBVIR4,,HIVORRES,HIV,HIVORRES,,Text,cl_LBVIRSHIVRSLT1,cl_LBVIRSHIVRSLT1,,
1,VIRS,No,ig_LBVIR1,Viral Serology,ig_LBVIR1,,LBNAM,Laboratory Name,LBNAM,LBNAM,Text,cl_LBNAME1,cl_LBNAME1,,
1,VIRS,No,ig_LBVIR1,Viral Serology,ig_LBVIR1,,LB_LABEL1,Lab results should not be entered prior to documentation of Physician-Investigator assessment.,LB_LABEL1,,Text,,,,
1,VIRS,No,ig_LBVIR1,Viral Serology,ig_LBVIR1,,LBVIRPERF,Was Viral Serology Performed?,LBVIRPERF,,Text,cl_YN1,cl_YN1,,
1,VIRS,No,ig_LBVIR1,Viral Serology,ig_LBVIR1,,LBNAMOTH,Specify Other Laboratory,LBNAMOTH,LBNAMOTH,Text,,,,
1,VIRS,No,ig_LBVIR2,HBV,ig_LBVIR2,,HBVSFABLBDAT,Collection Date,HBVSFABLBDAT,LBDTC,Date,,,,
1,VIRS,No,ig_LBVIR2,HBV,ig_LBVIR2,,HBVSFAGORRES,HBV Surface Antigen,HBVSFAGORRES,,Text,cl_LBVIRSHBVRSLT1,cl_LBVIRSHBVRSLT1,,
1,VIRS,No,ig_LBVIR2,HBV,ig_LBVIR2,,HBVCORELBDAT,Collection Date,HBVCORELBDAT,LBDTC,Date,,,,
1,VIRS,No,ig_LBVIR2,HBV,ig_LBVIR2,,HBVSFAGLBDAT,Collection Date,HBVSFAGLBDAT,LBDTC,Date,,,,
1,VIRS,No,ig_LBVIR2,HBV,ig_LBVIR2,,HBVSFABORRES,HBV Surface Antibody,HBVSFABORRES,,Text,cl_LBVIRSHBVRSLT1,cl_LBVIRSHBVRSLT1,,
1,VIRS,No,ig_LBVIR2,HBV,ig_LBVIR2,,HBVCOREORRES,HBV Core Antibody,HBVCOREORRES,,Text,cl_LBVIRSHBVRSLT1,cl_LBVIRSHBVRSLT1,,
1,VIRS,No,ig_LBVIR2,HBV,ig_LBVIR2,,HBVRNAPCR,"If HBV Core Antibody is positive, enter HBV-RNA by any PCR or bDNA assay",HBVRNAPCR,,Text,,,,
1,VIRS,No,ig_LBVIR3,HCV Antibody,ig_LBVIR3,,LBDAT,Collection Date,LBDAT,LBDTC,Date,,,,
1,VIRS,No,ig_LBVIR3,HCV Antibody,ig_LBVIR3,,HCVORRES,HCV Antibody,hcv_antibody,,Text,cl_LBVIRSHBVRSLT1,cl_LBVIRSHBVRSLT1,,
1,VIRS,No,ig_LBVIR3,HCV Antibody,ig_LBVIR3,,HCVRNAPCR,"If Anti-HCV is positive, enter HCV-RNA by any PCR or bDNA assay",HCVRNAPCR,,Text,,,,
1,UNSPRMPT,No,ig_UNSPRMPT1,Unscheduled CRF Prompt,ig_UNSPRMPT1,,RCLCHECK,Replication Competent Lentivirus,RCLCHECK,,Boolean,,,,
1,UNSPRMPT,No,ig_UNSPRMPT1,Unscheduled CRF Prompt,ig_UNSPRMPT1,,COAGCHECK,Coagulation Tests,COAGCHECK,,Boolean,,,,
1,UNSPRMPT,No,ig_UNSPRMPT1,Unscheduled CRF Prompt,ig_UNSPRMPT1,,XRAYCHECK,Chest X-Ray,XRAYCHECK,,Boolean,,,,
1,UNSPRMPT,No,ig_UNSPRMPT1,Unscheduled CRF Prompt,ig_UNSPRMPT1,,PECHECK,Physical Exam,PECHECK,,Boolean,,,,
1,UNSPRMPT,No,ig_UNSPRMPT1,Unscheduled CRF Prompt,ig_UNSPRMPT1,,CHEMCHECK,Chemistry,CHEMCHECK,,Boolean,,,,
1,UNSPRMPT,No,ig_UNSPRMPT1,Unscheduled CRF Prompt,ig_UNSPRMPT1,,CD19CHECK,CD19 Expression,CD19CHECK,,Boolean,,,,
1,UNSPRMPT,No,ig_UNSPRMPT1,Unscheduled CRF Prompt,ig_UNSPRMPT1,,CLLIMGCHECK,CLL Disease Evaluation/Imaging,CLLIMGCHECK,,Boolean,,,,
1,UNSPRMPT,No,ig_UNSPRMPT1,Unscheduled CRF Prompt,ig_UNSPRMPT1,,HEMACHECK,Hematology,HEMACHECK,,Boolean,,,,
1,UNSPRMPT,No,ig_UNSPRMPT1,Unscheduled CRF Prompt,ig_UNSPRMPT1,,ECOGCHECK,ECOG Performance Status,ECOGCHECK,,Boolean,,,,
1,UNSPRMPT,No,ig_UNSPRMPT1,Unscheduled CRF Prompt,ig_UNSPRMPT1,,HWCHECK,Height and Weight,HWCHECK,,Boolean,,,,
1,UNSPRMPT,No,ig_UNSPRMPT1,Unscheduled CRF Prompt,ig_UNSPRMPT1,,EMCHECK,ECHO-MUGA,EMCHECK,,Boolean,,,,
1,UNSPRMPT,No,ig_UNSPRMPT1,Unscheduled CRF Prompt,ig_UNSPRMPT1,,ICECHECK,ICE Score,ICECHECK,,Boolean,,,,
1,UNSPRMPT,No,ig_UNSPRMPT1,Unscheduled CRF Prompt,ig_UNSPRMPT1,,NHLIMGCHECK,NHL Radiographic Evaluations,NHLIMGCHECK,,Boolean,,,,
1,UNSPRMPT,No,ig_UNSPRMPT1,Unscheduled CRF Prompt,ig_UNSPRMPT1,,PREGCHECK,Pregnancy Test,PREGCHECK,,Boolean,,,,
1,UNSPRMPT,No,ig_UNSPRMPT1,Unscheduled CRF Prompt,ig_UNSPRMPT1,,VSCHECK,Vital Signs,VSCHECK,,Boolean,,,,
1,UNSPRMPT,No,ig_UNSPRMPT1,Unscheduled CRF Prompt,ig_UNSPRMPT1,,LNBCHECK,Tissue Biopsy,LNBCHECK,,Boolean,,,,
1,UNSPRMPT,No,ig_UNSPRMPT1,Unscheduled CRF Prompt,ig_UNSPRMPT1,,BMCHECK,Bone Marrow,BMCHECK,,Boolean,,,,
1,UNSPRMPT,No,ig_UNSPRMPT1,Unscheduled CRF Prompt,ig_UNSPRMPT1,,SIGCHECK,Serum Immunoglobulin,SIGCHECK,,Boolean,,,,
1,UNSPRMPT,No,ig_UNSPRMPT1,Unscheduled CRF Prompt,ig_UNSPRMPT1,,HLHCHECK,HLH/MAS,HLHCHECK,,Boolean,,,,
1,UNSPRMPT,No,ig_UNSPRMPT1,Unscheduled CRF Prompt,ig_UNSPRMPT1,,EOSCHECK,End of Study,EOSCHECK,,Boolean,,,,
1,UNSPRMPT,No,ig_UNSPRMPT1,Unscheduled CRF Prompt,ig_UNSPRMPT1,,LCCHECK,Lymphocyte Subset Analysis,LCCHECK,,Boolean,,,,
1,UNSPRMPT,No,ig_UNSPRMPT1,Unscheduled CRF Prompt,ig_UNSPRMPT1,,RSCCHECK,Research Specimen Collection,RSCCHECK,,Boolean,,,,
1,UNSPRMPT,No,ig_UNSPRMPT1,Unscheduled CRF Prompt,ig_UNSPRMPT1,,CNSCHECK,CNS Evaluation,CNSCHECK,,Boolean,,,,
1,UNSPRMPT,No,ig_UNSPRMPT1,Unscheduled CRF Prompt,ig_UNSPRMPT1,,VIRSCHECK,Viral Serology,VIRSCHECK,,Boolean,,,,
1,UNSPRMPT,No,ig_UNSPRMPT1,Unscheduled CRF Prompt,ig_UNSPRMPT1,,RSCHECK,Disease Assessment,RSCHECK,,Boolean,,,,
1,UNSPRMPT,No,ig_UNSPRMPT1,Unscheduled CRF Prompt,ig_UNSPRMPT1,,RVPCHECK,Respiratory Virus Panel,RVPCHECK,,Boolean,,,,
1,UNSPRMPT,No,ig_UNSPRMPT1,Unscheduled CRF Prompt,ig_UNSPRMPT1,,CRFSCHECKTEST,"Please select all CRFs that need to be added to this unscheduled visit, based on available data.",CRFSCHECKTEST,,Text,,,,
1,UNSPRMPT,No,ig_UNSPRMPT1,Unscheduled CRF Prompt,ig_UNSPRMPT1,,APHCHECK,Apheresis,APHCHECK,,Boolean,,,,
1,APH,No,ig_APH1,Apheresis,ig_APH1,,APH_LABEL1,Complete one Apheresis CRF for each collection.,APH_LABEL1,,Text,,,,
1,APH,No,ig_APH1,Apheresis,ig_APH1,,APHCAT,Apheresis Type,APHCAT,,Text,cl_APHTP1,cl_APHTP1,,
1,APH,No,ig_APH1,Apheresis,ig_APH1,,APHDAT,Apheresis Date,APHDAT,,Date,,,,
1,RS,No,ig_RS1,Subject Information,ig_RS1,,RSCAT,Disease Type,RSCAT,,Text,cl_RSCAT1,cl_RSCAT1,,
1,RS,No,ig_RS1,Subject Information,ig_RS1,,RSTPT,Time Point,RSTPT,,Text,cl_RSTPT1,cl_RSTPT1,,
1,RS,No,ig_RS1,Subject Information,ig_RS1,,RSTPTDY,"For Unscheduled Time Point, Specify Day #",RSTPTDY,,Text,,,,
1,RS,No,ig_RS1,Subject Information,ig_RS1,,RSPERF,Was disease assessment performed?,RSPERF,,Text,cl_YN1,cl_YN1,,
1,RS,No,ig_RS2,CLL Disease Response,ig_RS2,,RSCLLBMRESP,CLL Bone Marrow Response,RSCLLBMRESP,,Text,cl_RSCLLBMR1,cl_RSCLLBMR1,,
1,RS,No,ig_RS2,CLL Disease Response,ig_RS2,,RSCLLCAT,Overall CLL Disease Response,RSCLLCAT,,Text,cl_RSCLLCAT1,cl_RSCLLCAT1,,
1,RS,No,ig_RS2,CLL Disease Response,ig_RS2,,RS_LABEL1,"Select ""Not Assessed"" if tests/assessments/procedures were not completed, and therefore no Disease Assessment was performed. Select ""Not Evaluable"" if tests/assessments/procedures were completed, but a Disease Assessment was unable to be determined based on the available data.",RS_LABEL1,,Text,,,,
1,RS,No,ig_RS2,CLL Disease Response,ig_RS2,,RSDAT,Disease Response Date,RSDAT,,Date,,,,
1,RS,No,ig_RS3,NHL Disease Response,ig_RS3,,PET5PTSCR,PET 5-Point Scale,PET5PTSCR,,Integer,,,,
1,RS,No,ig_RS3,NHL Disease Response,ig_RS3,,RSIMAGTYP1,PET-Based Response,RSIMAGTYP1,,Boolean,,,,
1,RS,No,ig_RS3,NHL Disease Response,ig_RS3,,RSIMAGTYP2,CT-Based Response,RSIMAGTYP2,,Boolean,,,,
1,RS,No,ig_RS3,NHL Disease Response,ig_RS3,,RS_LABEL1,"Select ""Not Assessed"" if tests/assessments/procedures were not completed, and therefore no Disease Assessment was performed. Select ""Not Evaluable"" if tests/assessments/procedures were completed, but a Disease Assessment was unable to be determined based on the available data.",RS_LABEL1,,Text,,,,
1,RS,No,ig_RS3,NHL Disease Response,ig_RS3,,RSNHLCTCAT,CT-Based NHL Disease Response,RSNHLCTCAT,,Text,cl_RSNHLCTCAT1,cl_RSNHLCTCAT1,,
1,RS,No,ig_RS3,NHL Disease Response,ig_RS3,,RSNHLPETCAT,PET-Based NHL Disease Response,RSNHLPETCAT,,Text,cl_RSNHLPETCAT1,cl_RSNHLPETCAT1,,
1,RS,No,ig_RS3,NHL Disease Response,ig_RS3,,RSDAT,Disease Response Date,RSDAT,,Date,,,,
1,RS,No,ig_RS3,NHL Disease Response,ig_RS3,,RSPETRESP,Response Previously Determined by PET Scan?,RSPETRESP,,Text,cl_YN1,cl_YN1,,
1,RS,No,ig_RS3,NHL Disease Response,ig_RS3,,RS_LABEL2,Select type of imaging used to evaluate the response below.,RS_LABEL2,,Text,,,,
1,RS,No,ig_RS3,NHL Disease Response,ig_RS3,,RSPETDAT,Date of PET Scan,RSPETDAT,,Date,,,,
1,EOS,No,ig_EOS2,End of Study,ig_EOS2,,EOSCOD1,Reason for End of Study?,EOSCOD1,,Text,cl_EOSREAS1,cl_EOSREAS1,,
1,EOS,No,ig_EOS2,End of Study,ig_EOS2,,PRCDTHOS,Specify Principal Cause of Death,PRCDTHOS,,Text,,,,
1,EOS,No,ig_EOS2,End of Study,ig_EOS2,,PRCDTH,Principal Cause of Death,PRCDTH,,Text,cl_EOSCAD1,cl_EOSCAD1,,
1,EOS,No,ig_EOS2,End of Study,ig_EOS2,,EOSTERM,Provide Supportive Information,EOSTERM,,Text,,,,
1,EOS,No,ig_EOS1,Subject Information,ig_EOS1,,EOSDAT,End of Study Date,EOSDAT,,Date,,,,
1,EOS,No,ig_EOS1,Subject Information,ig_EOS1,,EOSLASTVISIT,Last Study Visit Completed,EOSLASTVISIT,,Text,cl_EOSTP1,cl_EOSTP1,,
1,EOS,No,ig_EOS1,Subject Information,ig_EOS1,,EOS_LABEL1,"This CRF is to be used to document a Subject’s permanent discontinuation from the trial (i.e. last date of Subject’s involvement on the study). This CRF should be completed for all Subjects, including screen failures.",EOS_LABEL1,,Text,,,,
1,EOS,No,ig_EOS1,Subject Information,ig_EOS1,,EOSRIP,Did the Subject receive the investigational product?,EOSRIP,,Text,cl_YN1,cl_YN1,,
1,RCL,No,ig_RCL1,Replication Competent Lentivirus (RCL),ig_RCL1,,LBDAT,Collection Date,LBDAT,LBDTC,Date,,,,
1,RCL,No,ig_RCL1,Replication Competent Lentivirus (RCL),ig_RCL1,,RCLSAMTYP,Sample Type,RCLSAMTYP,,Text,cl_RCLSAMTYP1,cl_RCLSAMTYP1,,
1,RCL,No,ig_RCL1,Replication Competent Lentivirus (RCL),ig_RCL1,,RCLSAMCOL,Were research samples collected for analysis?,RCLSAMCOL,,Text,cl_YNUNS1,cl_YNUNS1,,
1,RCL,No,ig_RCL1,Replication Competent Lentivirus (RCL),ig_RCL1,,STUDYD,Study Day,STUDYD,,Integer,,,,
1,RCL,No,ig_RCL1,Replication Competent Lentivirus (RCL),ig_RCL1,,RCLDNARES,Copies/Microgram Genomic DNA Result,RCLDNARES,,Text,cl_RCLDNARES1,cl_RCLDNARES1,,
1,RCL,No,ig_RCL1,Replication Competent Lentivirus (RCL),ig_RCL1,,RCLDNAVAL,Copies/Microgram Genomic DNA Value,RCLDNAVAL,,Float,,,,
1,RCL,No,ig_RCL1,Replication Competent Lentivirus (RCL),ig_RCL1,,CDEXPSAMTYPOTH,Specify Other Sample Type,CDEXPSAMTYPOTH,,Text,,,,
1,RCL,No,ig_RCL1,Replication Competent Lentivirus (RCL),ig_RCL1,,RCLRES,Were results received?,RCLRES,,Text,cl_YN1,cl_YN1,,
1,RCL,No,ig_RCL1,Replication Competent Lentivirus (RCL),ig_RCL1,,RCL_LABEL1,"The Translational Correlative Studies Laboratory (TCSL) does not test initial pre‐infusion samples received if a later, paired sample is not available for comparison (e.g. if the subject does not reach the Month 3 time point, the pre‐infusion samples will not be analyzed).",RCL_LABEL1,,Text,,,,
1,RCL,No,ig_RCL1,Replication Competent Lentivirus (RCL),ig_RCL1,,RCLLBNAM,Laboratory Name,RCLLBNAM,LBNAM,Text,cl_LBNAME2,cl_LBNAME2,,
1,QSICE,No,ig_QSICE2,ICE Assessment,ig_QSICE2,,QS_LABEL1,Please refer to the protocol for the Immune Effector Cell-Associated Encephalopathy (ICE) Score,QS_LABEL1,,Text,,,,
1,QSICE,No,ig_QSICE2,ICE Assessment,ig_QSICE2,,QSWRRES,Writing Score,QSWRRES,,Integer,,,,
1,QSICE,No,ig_QSICE2,ICE Assessment,ig_QSICE2,,QSDAY,Study Day,QSDAY,,Integer,,,,
1,QSICE,No,ig_QSICE2,ICE Assessment,ig_QSICE2,,QSFCRRES,Following Commands Score,QSFCRRES,,Integer,,,,
1,QSICE,No,ig_QSICE2,ICE Assessment,ig_QSICE2,,QSTOTRRES,Total ICE Score,QSTOTRRES,,Integer,,,,
1,QSICE,No,ig_QSICE2,ICE Assessment,ig_QSICE2,,QSARRES,Attention Score,QSARRES,,Integer,,,,
1,QSICE,No,ig_QSICE2,ICE Assessment,ig_QSICE2,,QSORRES,Orientation Score,QSORRES,,Integer,,,,
1,QSICE,No,ig_QSICE2,ICE Assessment,ig_QSICE2,,QSDAT,Date of Assessment,QSDAT,,Date,,,,
1,QSICE,No,ig_QSICE2,ICE Assessment,ig_QSICE2,,QSNRRES,Naming Score,QSNRRES,,Integer,,,,
1,QSICE,No,ig_QSICE1, ,ig_QSICE1,,QSICEPERF,Was ICE Assessment Performed?,QSICEPERF,,Text,cl_YN1,cl_YN1,,
1,RVP,No,ig_RVP2,Respiratory Virus Panel Results,ig_RVP2,,MBORRES,Respiratory Virus Panel Result,MBORRES,,Text,cl_MBORRES1,cl_MBORRES1,,
1,RVP,No,ig_RVP2,Respiratory Virus Panel Results,ig_RVP2,,MBCAT,Respiratory Virus Panel,MBCAT,,Text,cl_MBCAT1,cl_MBCAT1,,
1,RVP,No,ig_RVP1,Respiratory Virus Panel,ig_RVP1,,LBDAT,Collection Date,LBDAT,LBDTC,Date,,,,
1,RVP,No,ig_RVP1,Respiratory Virus Panel,ig_RVP1,,LBNAM,Laboratory Name,LBNAM,LBNAM,Text,cl_LBNAME1,cl_LBNAME1,,
1,RVP,No,ig_RVP1,Respiratory Virus Panel,ig_RVP1,,MBPERF,Was Respiratory Virus Panel Performed?,MBPERF,,Text,cl_YN1,cl_YN1,,
1,RVP,No,ig_RVP1,Respiratory Virus Panel,ig_RVP1,,LBNAMOTH,Specify Other Laboratory,LBNAMOTH,LBNAMOTH,Text,,,,
1,EXCHMO,No,ig_EXCHMO1,Subject Information,ig_EXCHMO1,,EX_LABEL1,Select +New Section (bottom left) to record each medication administered.,EX_LABEL1,,Text,,,,
1,EXCHMO,No,ig_EXCHMO1,Subject Information,ig_EXCHMO1,,EX_LABEL2,Use this CRF to capture lymphodepleting chemotherapy administered per protocol requirements prior to the Subject’s CAR T cell infusion only. ,EX_LABEL2,,Text,,,,
1,EXCHMO,No,ig_EXCHMO1,Subject Information,ig_EXCHMO1,,EXCPERF,Was lymphodepleting chemotherapy administered?,EXCPERF,,Text,cl_YN1,cl_YN1,,
1,EXCHMO,No,ig_EXCHMO2,Administration,ig_EXCHMO2,,EXSROUTE,Specify Other Route,EXSROUTE,,Text,,,,
1,EXCHMO,No,ig_EXCHMO2,Administration,ig_EXCHMO2,,EXDOSE,Dose Administered/Day,EXDOSE,,Float,,,,
1,EXCHMO,No,ig_EXCHMO2,Administration,ig_EXCHMO2,,SPEXDOSUTOT,Specify Other Unit-Total Dose Administered,SPEXDOSUTOT,,Text,,,,
1,EXCHMO,No,ig_EXCHMO2,Administration,ig_EXCHMO2,,EXSCAT,Specify Other Medication,EXSCAT,,Text,,,,
1,EXCHMO,No,ig_EXCHMO2,Administration,ig_EXCHMO2,,EXDOSTOT,Total Dose Administered,EXDOSTOT,,Float,,,,
1,EXCHMO,No,ig_EXCHMO2,Administration,ig_EXCHMO2,,EXSTDAT,Start Date,EXSTDAT,,Date,,,,
1,EXCHMO,No,ig_EXCHMO2,Administration,ig_EXCHMO2,,EXCCAT,Medication,EXCCAT,,Text,cl_EXCCAT1,cl_EXCCAT1,,
1,EXCHMO,No,ig_EXCHMO2,Administration,ig_EXCHMO2,,EXDOSUTOT,Unit-Total Dose Administered,EXDOSUTOT,,Text,cl_EXDOSU,cl_EXDOSU,,
1,EXCHMO,No,ig_EXCHMO2,Administration,ig_EXCHMO2,,EXENDAT,End Date,EXENDAT,,Date,,,,
1,EXCHMO,No,ig_EXCHMO2,Administration,ig_EXCHMO2,,EXDOSU,Unit-Dose Administered/Day,EXDOSU,,Text,cl_EXDOSU,cl_EXDOSU,,
1,EXCHMO,No,ig_EXCHMO2,Administration,ig_EXCHMO2,,SPEXDOSU,Specify Other Unit Dose Administered/Day,SPEXDOSU,,Text,,,,
1,EXCHMO,No,ig_EXCHMO2,Administration,ig_EXCHMO2,,EXCROUTE,Route,EXCROUTE,,Text,cl_EXCROUTE1,cl_EXCROUTE1,,
1,DSSVLTFU,No,ig_DSSVLTFU1,Study Visit,ig_DSSVLTFU1,,DSSVLTFU_LABEL4,Please ensure that the medication has been entered on the LTFU ANP CRF appropriately.,DSSVLTFU_LABEL4,,Text,,,,
1,DSSVLTFU,No,ig_DSSVLTFU1,Study Visit,ig_DSSVLTFU1,,DSSVLTFU_LABEL1,"As per protocol, study visits may be completed onsite or via remote follow-up through contact with local provider and access to medical records and routine clinical data.  If a visit is completed, but individual tests/procedures are missed (e.g. no collection of research samples), this must be appropriately captured on the individual CRFs.",DSSVLTFU_LABEL1,,Text,,,,
1,DSSVLTFU,No,ig_DSSVLTFU1,Study Visit,ig_DSSVLTFU1,,VISITDAT,Visit Date,VISITDAT,,Date,,,,
1,DSSVLTFU,No,ig_DSSVLTFU1,Study Visit,ig_DSSVLTFU1,,SV2ANPREP,Any new ANP therapy and/or changes in existing ANP therapy to report? ,SV2ANPREP,,Text,cl_YN1,cl_YN1,,
1,DSSVLTFU,No,ig_DSSVLTFU1,Study Visit,ig_DSSVLTFU1,,RSCAT,Disease Type,RSCAT,,Text,cl_RSCAT1,cl_RSCAT1,,
1,DSSVLTFU,No,ig_DSSVLTFU1,Study Visit,ig_DSSVLTFU1,,SV2PDAEREP,Any new PDAEs or changes in existing PDAEs to report?,SV2PDAEREP,,Text,cl_YN1,cl_YN1,,
1,DSSVLTFU,No,ig_DSSVLTFU1,Study Visit,ig_DSSVLTFU1,,DSSVLTFU_LABEL5,Please report Date of Death on End of Study CRF.,DSSVLTFU_LABEL5,,Text,,,,
1,DSSVLTFU,No,ig_DSSVLTFU1,Study Visit,ig_DSSVLTFU1,,LTFUTPT,Long-Term Follow-Up Time Point,LTFUTPT,,Text,cl_LTFUTP1,cl_LTFUTP1,,
1,DSSVLTFU,No,ig_DSSVLTFU1,Study Visit,ig_DSSVLTFU1,,LASTCONTDAT,"If alive, please confirm last contact date",LASTCONTDAT,,Date,,,,
1,DSSVLTFU,No,ig_DSSVLTFU1,Study Visit,ig_DSSVLTFU1,,DSSVLTFU_LABEL3,Please ensure that the PDAE has been entered on the Protocol-defined Adverse Event CRF appropriately.,DSSVLTFU_LABEL3,,Text,,,,
1,DSSVLTFU,No,ig_DSSVLTFU1,Study Visit,ig_DSSVLTFU1,,SV2VEC,Does the subject have ongoing CAR T cell persistence per qPCR?,SV2VEC,,Text,cl_YNUNK1,cl_YNUNK1,,
1,DSSVLTFU,No,ig_DSSVLTFU1,Study Visit,ig_DSSVLTFU1,,SURVSTAT,Survival Status,SURVSTAT,,Text,cl_SURVSTAT1,cl_SURVSTAT1,,
1,DSSVLTFU,No,ig_DSSVLTFU1,Study Visit,ig_DSSVLTFU1,,SURVSTATYN,Is subject survival status known?,SURVSTATYN,,Text,cl_YN1,cl_YN1,,
1,DSSVLTFU,No,ig_DSSVLTFU1,Study Visit,ig_DSSVLTFU1,,SVOCCUR,Did the protocol-specified study visit occur?,SVOCCUR,,Text,cl_YN1,cl_YN1,,
1,DSSVLTFU,No,ig_DSSVLTFU1,Study Visit,ig_DSSVLTFU1,,SV2RSEVAL,Were disease assessments performed?,SV2RSEVAL,,Text,cl_YN1,cl_YN1,,
1,DLA,No,ig_DLA1,Dose Level Assignment,ig_DLA1,,DLADOSELVL,Dose Level Assignment,DLADOSELVL,,Text,cl_DLADOSELVL1,cl_DLADOSELVL1,,
1,DLA,No,ig_DLA1,Dose Level Assignment,ig_DLA1,,CA_LABEL1,"This CRF is required for all subjects, including screen failures.",CA_LABEL1,,Text,,,,
1,INITLF,No,ig_INITLF2,Initiation of Long-Term Follow-Up,ig_INITLF2,,DSLTFUSP,Provide supportive information on the reason for entering Long-Term Follow-Up,DSLTFUSP,,Text,,,,
1,INITLF,No,ig_INITLF2,Initiation of Long-Term Follow-Up,ig_INITLF2,,DSLTFURE,Provide reason the Subject is entering into the Long-Term Follow-Up Phase,DSLTFURE,,Text,cl_LTFURE1,cl_LTFURE1,,
1,INITLF,No,ig_INITLF1,Subject Information,ig_INITLF1,,DSPHASE,From which Phase is the Subject entering Long-Term Follow-Up?,DSPHASE,,Text,cl_PHASE1,cl_PHASE1,,
1,INITLF,No,ig_INITLF1,Subject Information,ig_INITLF1,,DSLVCPFU,Last Study Visit Completed in Primary Follow-Up,DSLVCPFU,,Text,cl_LVCPFU1,cl_LVCPFU1,,
1,INITLF,No,ig_INITLF1,Subject Information,ig_INITLF1,,DSENRETXDAT,End of Retreatment Date,DSENRETXDAT,,Date,,,,
1,INITLF,No,ig_INITLF1,Subject Information,ig_INITLF1,,DSENPFUDAT,End of Primary Follow-Up Date,DSENPFUDAT,,Date,,,,
1,INITLF,No,ig_INITLF1,Subject Information,ig_INITLF1,,DSLVCRETX,Last Study Visit Completed in Retreatment,DSLVCRETX,,Text,cl_LVCPFUR1,cl_LVCPFUR1,,
1,PRDIAG,No,ig_PRDIAG4,17p del (TP53 mutation) Status,ig_PRDIAG4,,TP53PERF,Was 17p del (TP53 mutation) test performed?,TP53PERF,,Text,cl_YN1,cl_YN1,,
1,PRDIAG,No,ig_PRDIAG4,17p del (TP53 mutation) Status,ig_PRDIAG4,,LBDAT,Collection Date,LBDAT,LBDTC,Date,,,,
1,PRDIAG,No,ig_PRDIAG4,17p del (TP53 mutation) Status,ig_PRDIAG4,,TP53SAMTYPOTH,Specify Other Sample Type,TP53SAMTYPOTH,,Text,,,,
1,PRDIAG,No,ig_PRDIAG4,17p del (TP53 mutation) Status,ig_PRDIAG4,,LBNAM,Laboratory Name,LBNAM,LBNAM,Text,cl_LBNAME1,cl_LBNAME1,,
1,PRDIAG,No,ig_PRDIAG4,17p del (TP53 mutation) Status,ig_PRDIAG4,,TP53SAMTYP,Sample Type,TP53SAMTYP,,Text,cl_TP53SAMTYP1,cl_TP53SAMTYP1,,
1,PRDIAG,No,ig_PRDIAG4,17p del (TP53 mutation) Status,ig_PRDIAG4,,TP53MUT,17p del (TP53 mutation) Status,TP53MUT,,Text,cl_TP53MUT1,cl_TP53MUT1,,
1,PRDIAG,No,ig_PRDIAG4,17p del (TP53 mutation) Status,ig_PRDIAG4,,LBNAMOTH,Specify Other Laboratory,LBNAMOTH,LBNAMOTH,Text,,,,
1,PRDIAG,No,ig_PRDIAG4,17p del (TP53 mutation) Status,ig_PRDIAG4,,TP53MUTOTH,Specify Other 17p del (TP53 mutation) Status,TP53MUTOTH,,Text,,,,
1,PRDIAG,No,ig_PRDIAG3,Diagnosis and Extent of Cancer for NHL,ig_PRDIAG3,,NHLFRSTRELPSDAT,Date of First Recurrence/Relapse,NHLFRSTRELPSDAT,,Date,,,,
1,PRDIAG,No,ig_PRDIAG3,Diagnosis and Extent of Cancer for NHL,ig_PRDIAG3,,NHLRECNTRELPSDAT,Date of Most Recent Recurrence/Relapse,NHLRECNTRELPSDAT,,Date,,,,
1,PRDIAG,No,ig_PRDIAG3,Diagnosis and Extent of Cancer for NHL,ig_PRDIAG3,,NHLHCNS,History of CNS Disease?,NHLHCNS,,Text,cl_YN1,cl_YN1,,
1,PRDIAG,No,ig_PRDIAG3,Diagnosis and Extent of Cancer for NHL,ig_PRDIAG3,,PRDIAGNHLSTDAT,Date of Initial Diagnosis,PRDIAGNHLSTDAT,,Date,,,,
1,PRDIAG,No,ig_PRDIAG3,Diagnosis and Extent of Cancer for NHL,ig_PRDIAG3,,RELPSPRIMREFRNHL,Relapsed or Primary Refractory NHL,RELPSPRIMREFRNHL,,Text,cl_RELPSREF1,cl_RELPSREF1,,
1,PRDIAG,No,ig_PRDIAG3,Diagnosis and Extent of Cancer for NHL,ig_PRDIAG3,,PRDIAGNHLSTAGANN,Stage at Initial Diagnosis - Ann Arbor Staging,PRDIAGNHLSTAGANN,,Text,cl_PRDIAGNHLSTAGANN1,cl_PRDIAGNHLSTAGANN1,,
1,PRDIAG,No,ig_PRDIAG3,Diagnosis and Extent of Cancer for NHL,ig_PRDIAG3,,NHLBMINVLV,Bone marrow involvement at enrollment?,NHLBMINVLV,,Text,cl_NHLBMINVLV1,cl_NHLBMINVLV1,,
1,PRDIAG,No,ig_PRDIAG3,Diagnosis and Extent of Cancer for NHL,ig_PRDIAG3,,PRDIAGNHL,Primary Diagnosis of NHL,PRDIAGNHL,,Text,cl_PRDIAGNHL1,cl_PRDIAGNHL1,,
1,PRDIAG,No,ig_PRDIAG3,Diagnosis and Extent of Cancer for NHL,ig_PRDIAG3,,PRDIAGNHLOTH,Specify Other Diagnosis,PRDIAGNHLOTH,,Text,,,,
1,PRDIAG,No,ig_PRDIAG3,Diagnosis and Extent of Cancer for NHL,ig_PRDIAG3,,NHLREOCNUM,Number of Reoccurrences/Relapse,NHLREOCNUM,,Integer,,,,
1,PRDIAG,No,ig_PRDIAG2,Diagnosis and Extent of Cancer for CLL,ig_PRDIAG2,,PRDIAGCLL,Primary Diagnosis of CLL,PRDIAGCLL,,Text,cl_PRDIAGCLL1,cl_PRDIAGCLL1,,
1,PRDIAG,No,ig_PRDIAG2,Diagnosis and Extent of Cancer for CLL,ig_PRDIAG2,,CLLFRSTRELPSDAT,Date of First Recurrence/Relapse,CLLFRSTRELPSDAT,,Date,,,,
1,PRDIAG,No,ig_PRDIAG2,Diagnosis and Extent of Cancer for CLL,ig_PRDIAG2,,CLLRECNTRELPSDAT,Date of Most Recent Recurrence/Relapse,CLLRECNTRELPSDAT,,Date,,,,
1,PRDIAG,No,ig_PRDIAG2,Diagnosis and Extent of Cancer for CLL,ig_PRDIAG2,,PRDIAGCLLOTH,Specify Other Diagnosis,PRDIAGCLLOTH,,Text,,,,
1,PRDIAG,No,ig_PRDIAG2,Diagnosis and Extent of Cancer for CLL,ig_PRDIAG2,,PRDIAGCLLSTDAT,Date of Initial Diagnosis,PRDIAGCLLSTDAT,,Date,,,,
1,PRDIAG,No,ig_PRDIAG2,Diagnosis and Extent of Cancer for CLL,ig_PRDIAG2,,PRDIAGCLLSTAGRAI,Stage at Initial Diagnosis - Rai Classification,PRDIAGCLLSTAGRAI,,Text,cl_PRDIAGCLLSTAGRAI1,cl_PRDIAGCLLSTAGRAI1,,
1,PRDIAG,No,ig_PRDIAG2,Diagnosis and Extent of Cancer for CLL,ig_PRDIAG2,,CLLHCNS,History of CNS Disease?,CLLHCNS,,Text,cl_YN1,cl_YN1,,
1,PRDIAG,No,ig_PRDIAG2,Diagnosis and Extent of Cancer for CLL,ig_PRDIAG2,,CLLREOCNUM,Number of Reoccurrences/Relapse,CLLREOCNUM,,Integer,,,,
1,PRDIAG,No,ig_PRDIAG2,Diagnosis and Extent of Cancer for CLL,ig_PRDIAG2,,PRDIAGCLLSTAGBIN,Stage at Initial Diagnosis - Binet Staging,PRDIAGCLLSTAGBIN,,Text,cl_PRDIAGCLLSTAGBIN1,cl_PRDIAGCLLSTAGBIN1,,
1,PRDIAG,No,ig_PRDIAG2,Diagnosis and Extent of Cancer for CLL,ig_PRDIAG2,,RELPSPRIMREFRCLL,Relapsed or Primary Refractory CLL,RELPSPRIMREFRCLL,,Text,cl_RELPSREF1,cl_RELPSREF1,,
1,PRDIAG,No,ig_PRDIAG1,Subject Information,ig_PRDIAG1,,RSCAT,Disease Type,RSCAT,,Text,cl_RSCAT1,cl_RSCAT1,,
1,INF,No,ig_INF1,Infusion,ig_INF1,,INFPACK,How was the product released?,INFPACK,,Text,cl_INFPACK1,cl_INFPACK1,,
1,INF,No,ig_INF1,Infusion,ig_INF1,,INFDOS,CAR T Cell Dose Administered,INFDOS,,Float,,,,
1,INF,No,ig_INF1,Infusion,ig_INF1,,INFDOSXP,x 10 to the power of,INFDOSXP,,Text,cl_INFDOSXP1,cl_INFDOSXP1,,
1,INF,No,ig_INF1,Infusion,ig_INF1,,INFOCCUR,Was Infusion Administered?,INFOCCUR,,Text,cl_YN1,cl_YN1,,
1,INF,No,ig_INF1,Infusion,ig_INF1,,INFDAT,Infusion Date,INFDAT,,Date,,,,
1,INF,No,ig_INF1,Infusion,ig_INF1,,INFDOSTOT,Total Cell Dose Administered,INFDOSTOT,,Float,,,,
1,INF,No,ig_INF1,Infusion,ig_INF1,,INFDOSTOTXP,x 10 to the power of,INFDOSTOTXP,,Text,cl_INFDOSXP1,cl_INFDOSXP1,,
1,INF,No,ig_INF1,Infusion,ig_INF1,,INFREASNDELAY,"If yes, reason infusion was delayed",INFREASNDELAY,,Text,,,,
1,INF,No,ig_INF1,Infusion,ig_INF1,,INFREASNOCCUR,"If no, specify reason not administered",INFREASNOCCUR,,Text,,,,
1,INF,No,ig_INF1,Infusion,ig_INF1,,INFDELAY,Was Infusion Delayed?,INFDELAY,,Text,cl_YN1,cl_YN1,,
1,INF,No,ig_INF1,Infusion,ig_INF1,,INFTYP,Investigational Product Name,INFTYP,,Text,cl_INFTYP1,cl_INFTYP1,,
1,INF,No,ig_INF1,Infusion,ig_INF1,,INFTOTVOL,Total Volume (mL),INFTOTVOL,,Integer,,,,
1,INF,No,ig_INF1,Infusion,ig_INF1,,INF_LABEL1,Use the Clinical Cell and Vaccine Production Facility (CVPF) Certificate(s) of Analysis (CoA) to complete the fields on this CRF.,INF_LABEL1,,Text,,,,
1,INF,No,ig_INF1,Infusion,ig_INF1,,INFTEFFP,Transduction Efficiency (%),INFTEFFP,,Float,,,,
1,ECVS,No,ig_ECVS1,Subject Information,ig_ECVS1,,ECVSPERF,Were infusion vitals signed performed?,ECVSPERF,,Text,cl_YN1,cl_YN1,,
1,ECVS,No,ig_ECVS1,Subject Information,ig_ECVS1,,ECVS_LABEL1,The purpose of this CRF is to capture all protocol-required vital sign assessments performed on the day of the infusion. Entry of additional post-infusion vital sign assessments may be required by the Safety Team.,ECVS_LABEL1,,Text,,,,
1,ECVS,No,ig_ECVS1,Subject Information,ig_ECVS1,,ECVS_LABEL2,Select +New Section (bottom left) to record each vital sign assessment on the day of the infusion.,ECVS_LABEL2,,Text,,,,
1,ECVS,No,ig_ECVS2,Infusion Vital Signs,ig_ECVS2,,DIABP,Diastolic Blood Pressure (mmHg),DIABP,,Integer,,,,
1,ECVS,No,ig_ECVS2,Infusion Vital Signs,ig_ECVS2,,PULSE,Pulse (bmp),PULSE,,Integer,,,,
1,ECVS,No,ig_ECVS2,Infusion Vital Signs,ig_ECVS2,,TEMP,Temperature,TEMP,,Float,,,mu_HUPTEMPERATURE,mu_HUPTEMPERATURE
1,ECVS,No,ig_ECVS2,Infusion Vital Signs,ig_ECVS2,,SYSBP,Systolic Blood Pressure (mmHg),SYSBP,,Integer,,,,
1,ECVS,No,ig_ECVS2,Infusion Vital Signs,ig_ECVS2,,PEPOX,Oxygen saturation by pulse oximetry (%),PEPOX,,Integer,,,,
1,ECVS,No,ig_ECVS2,Infusion Vital Signs,ig_ECVS2,,ECVSTM,Time (24 hour hh:mm),ECVSTM,,Time,,,,
1,ECVS,No,ig_ECVS2,Infusion Vital Signs,ig_ECVS2,,ECVSTPT,Time Point,ECVSTPT,,Text,cl_ECVSTPT1,cl_ECVSTPT1,,
1,ECVS,No,ig_ECVS2,Infusion Vital Signs,ig_ECVS2,,RESP,Respiration Rate (Respirations/Minute),RESP,,Integer,,,,
1,PTF,No,ig_PTF1,Pre-Treatment Transfusion History,ig_PTF1,,PTF_LABEL1,Please capture the Subject’s transfusion history for the 56 day (8 week) time period prior to the Day 0 CAR T cell infusion. All transfusion data beginning on Day 0 will be captured on the Transfusion CRF.,PTF_LABEL1,,Text,,,,
1,PTF,No,ig_PTF1,Pre-Treatment Transfusion History,ig_PTF1,,EVALSTDAT,Evaluation Start Date,EVALSTDAT,,Date,,,,
1,PTF,No,ig_PTF1,Pre-Treatment Transfusion History,ig_PTF1,,EVALENDDAT,Evaluation End Date,EVALENDDAT,,Date,,,,
1,PTF,No,ig_PTF1,Pre-Treatment Transfusion History,ig_PTF1,,PTFYN,Did the subject require transfusion support?,PTFYN,,Text,cl_YN1,cl_YN1,,
1,PTF,No,ig_PTF2,Transfusion Support,ig_PTF2,,PLTYN,Platelets,PLTYN,,Text,cl_YN1,cl_YN1,,
1,PTF,No,ig_PTF2,Transfusion Support,ig_PTF2,,RBCTOTU,Total Number of RBC Units,RBCTOTU,,Integer,,,,
1,PTF,No,ig_PTF2,Transfusion Support,ig_PTF2,,PLTTOTU,Total Number of Platelet Units,PLTTOTU,,Integer,,,,
1,PTF,No,ig_PTF2,Transfusion Support,ig_PTF2,,RBCYN,RBCs,RBCYN,,Text,cl_YN1,cl_YN1,,
1,DM,No,ig_DM1,Demographics,ig_DM1,,ETHNIC,Ethnicity,ETHNIC,,Text,cl_DMETHNIC1,cl_DMETHNIC1,,
1,DM,No,ig_DM1,Demographics,ig_DM1,,GENDERID,Gender Identity,GENDERID,,Text,cl_DMSEX2,cl_DMSEX2,,
1,DM,No,ig_DM1,Demographics,ig_DM1,,BRTHSEX,Sex Assigned at Birth,BRTHSEX,,Text,cl_DMSEX2,cl_DMSEX2,,
1,DM,No,ig_DM1,Demographics,ig_DM1,,SEX,Legal Sex,SEX,,Text,cl_DMSEX1,cl_DMSEX1,,
1,DM,No,ig_DM1,Demographics,ig_DM1,,RACEOTH,Specify Other or Multiple Races,RACEOTH,,Text,,,,
1,DM,No,ig_DM1,Demographics,ig_DM1,,BRTHDAT,Date of Birth,BRTHDAT,,Date,,,,
1,DM,No,ig_DM1,Demographics,ig_DM1,,RACE,Race,RACE,,Text,cl_DMRACE1,cl_DMRACE1,,
2,LBCHEM,No,ig_LBCHEM1,Chemistry,ig_LBCHEM1,,LB_LABEL2,"If a greater than or less than sign is included in the results, enter the numeric value of the result along with the special character in this field without spaces (ex. <5). Please ensure lab results are reported in the unit required by the CRF.  ",LB_LABEL2,,Text,,,,
2,LBCHEM,No,ig_LBCHEM1,Chemistry,ig_LBCHEM1,,LBNAM,Laboratory Name,LBNAM,LBNAM,Text,cl_LBNAME1,cl_LBNAME1,,
2,LBCHEM,No,ig_LBCHEM1,Chemistry,ig_LBCHEM1,,LBDAT,Collection Date,LBDAT,LBDTC,Date,,,,
2,LBCHEM,No,ig_LBCHEM1,Chemistry,ig_LBCHEM1,,LBNAMOTH,Specify Other Laboratory,LBNAMOTH,LBNAMOTH,Text,,,,
2,LBCHEM,No,ig_LBCHEM1,Chemistry,ig_LBCHEM1,,LB_LABEL1,Lab results should not be entered prior to documentation of Physician-Investigator assessment.,LB_LABEL1,,Text,,,,
2,LBCHEM,No,ig_LBCHEM1,Chemistry,ig_LBCHEM1,,LBCHEMPERF,Were Chemistry Tests Performed?,LBCHEMPERF,LBSTAT,Text,cl_YN1,cl_YN1,,
2,LBCHEM,No,ig_LBCHEM1,Chemistry,ig_LBCHEM1,,LB_LABEL3,"For other laboratories, please enter the entire range for Lab Normals below including the hyphen with no spaces. If not known, enter UNK. If the unit in source does not match the unit on the CRF, please provide the source unit in the “Lab Normal Range” field.",LB_LABEL3,,Text,,,,
2,LBCHEM,No,ig_LBCHEM2,Chemistry Results,ig_LBCHEM2,,LB_LABEL4,"Complete an Adverse Event Form if the Overall Interpretation is Abnormal, CS",LB_LABEL4,,Text,,,,
2,LBCHEM,No,ig_LBCHEM2,Chemistry Results,ig_LBCHEM2,,LBCHEMTEST,Lab Test Name,LBCHEMTEST,LBTEST,Text,cl_LBCHEM1,cl_LBCHEM1,,
2,LBCHEM,No,ig_LBCHEM2,Chemistry Results,ig_LBCHEM2,,LBORRES,Lab Result,LBORRES,LBORRES,Text,,,,
2,LBCHEM,No,ig_LBCHEM2,Chemistry Results,ig_LBCHEM2,,LBNR,Lab Normal Range,LBNR,LBNR,Text,,,,
2,LBCHEM,No,ig_LBCHEM2,Chemistry Results,ig_LBCHEM2,,LBCLSIG,Clinical Significance,LBCLSIG,,Text,cl_LBCLSIG1,cl_LBCLSIG1,,
2,QSECOG,No,ig_QSECOG1,ECOG Performance Status,ig_QSECOG1,,QSDAT,Date of Assessment,QSDAT,,Date,,,,
2,QSECOG,No,ig_QSECOG1,ECOG Performance Status,ig_QSECOG1,,QSECOGPERF,ECOG Perfomance Status,QSECOGPERF,,Text,cl_QSECOG1,cl_QSECOG1,,
2,LBCOAG,No,ig_LBCOAG1,Coagulation Test,ig_LBCOAG1,,LBCOAGPERF,Were Coagulation Tests Performed?,LBCOAGPERF,,Text,cl_YN1,cl_YN1,,
2,LBCOAG,No,ig_LBCOAG1,Coagulation Test,ig_LBCOAG1,,LB_LABEL2,"If a greater than or less than sign is included in the results, enter the numeric value of the result along with the special character in this field without spaces (ex. <5). Please ensure lab results are reported in the unit required by the CRF.  ",LB_LABEL2,,Text,,,,
2,LBCOAG,No,ig_LBCOAG1,Coagulation Test,ig_LBCOAG1,,LBNAM,Laboratory Name,LBNAM,LBNAM,Text,cl_LBNAME1,cl_LBNAME1,,
2,LBCOAG,No,ig_LBCOAG1,Coagulation Test,ig_LBCOAG1,,LBDAT,Collection Date,LBDAT,LBDTC,Date,,,,
2,LBCOAG,No,ig_LBCOAG1,Coagulation Test,ig_LBCOAG1,,LBNAMOTH,Specify Other Laboratory,LBNAMOTH,LBNAMOTH,Text,,,,
2,LBCOAG,No,ig_LBCOAG1,Coagulation Test,ig_LBCOAG1,,LB_LABEL1,Lab results should not be entered prior to documentation of Physician-Investigator assessment.,LB_LABEL1,,Text,,,,
2,LBCOAG,No,ig_LBCOAG1,Coagulation Test,ig_LBCOAG1,,LB_LABEL3,"For other laboratories, please enter the entire range for Lab Normals below including the hyphen with no spaces. If not known, enter UNK. If the unit in source does not match the unit on the CRF, please provide the source unit in the “Lab Normal Range” field.",LB_LABEL3,,Text,,,,
2,LBCOAG,No,ig_LBCOAG2,Coagulation Test Results,ig_LBCOAG2,,LB_LABEL4,"Complete an Adverse Event Form if the Overall Interpretation is Abnormal, CS",LB_LABEL4,,Text,,,,
2,LBCOAG,No,ig_LBCOAG2,Coagulation Test Results,ig_LBCOAG2,,LBCOAGTEST,Lab Test Name,LBCOAGTEST,LBTEST,Text,cl_LBCOAG1,cl_LBCOAG1,,
2,LBCOAG,No,ig_LBCOAG2,Coagulation Test Results,ig_LBCOAG2,,LBORRES,Lab Result,LBORRES,LBORRES,Text,,,,
2,LBCOAG,No,ig_LBCOAG2,Coagulation Test Results,ig_LBCOAG2,,LBNR,Lab Normal Range,LBNR,LBNR,Text,,,,
2,LBCOAG,No,ig_LBCOAG2,Coagulation Test Results,ig_LBCOAG2,,LBCLSIG,Clinical Significance,LBCLSIG,,Text,cl_LBCLSIG1,cl_LBCLSIG1,,
2,LBHEMA,No,ig_LBHEMA2,Hematology Results,ig_LBHEMA2,,LB_LABEL4,"Complete an Adverse Event Form if the Overall Interpretation is Abnormal, CS",LB_LABEL4,,Text,,,,
2,LBHEMA,No,ig_LBHEMA2,Hematology Results,ig_LBHEMA2,,LBORRES,Lab Result,LBORRES,LBORRES,Text,,,,
2,LBHEMA,No,ig_LBHEMA2,Hematology Results,ig_LBHEMA2,,LBNR,Lab Normal Range,LBNR,LBNR,Text,,,,
2,LBHEMA,No,ig_LBHEMA2,Hematology Results,ig_LBHEMA2,,LBHEMATEST,Lab Test Name,LBHEMATEST,LBTEST,Text,cl_LBHEMA1,cl_LBHEMA1,,
2,LBHEMA,No,ig_LBHEMA2,Hematology Results,ig_LBHEMA2,,LBCLSIG,Clinical Significance,LBCLSIG,,Text,cl_LBCLSIG1,cl_LBCLSIG1,,
2,LBHEMA,No,ig_LBHEMA1,Hematology,ig_LBHEMA1,,LB_LABEL2,"If a greater than or less than sign is included in the results, enter the numeric value of the result along with the special character in this field without spaces (ex. <5). Please ensure lab results are reported in the unit required by the CRF.  ",LB_LABEL2,,Text,,,,
2,LBHEMA,No,ig_LBHEMA1,Hematology,ig_LBHEMA1,,LBNAM,Laboratory Name,LBNAM,LBNAM,Text,cl_LBNAME1,cl_LBNAME1,,
2,LBHEMA,No,ig_LBHEMA1,Hematology,ig_LBHEMA1,,LBDAT,Collection Date,LBDAT,LBDTC,Date,,,,
2,LBHEMA,No,ig_LBHEMA1,Hematology,ig_LBHEMA1,,LBNAMOTH,Specify Other Laboratory,LBNAMOTH,LBNAMOTH,Text,,,,
2,LBHEMA,No,ig_LBHEMA1,Hematology,ig_LBHEMA1,,LBHEMAPERF,Were Hematology Tests Performed?,LBHEMAPERF,,Text,cl_YN1,cl_YN1,,
2,LBHEMA,No,ig_LBHEMA1,Hematology,ig_LBHEMA1,,LB_LABEL1,Lab results should not be entered prior to documentation of Physician-Investigator assessment.,LB_LABEL1,,Text,,,,
2,LBHEMA,No,ig_LBHEMA1,Hematology,ig_LBHEMA1,,LB_LABEL3,"For other laboratories, please enter the entire range for Lab Normals below including the hyphen with no spaces. If not known, enter UNK. If the unit in source does not match the unit on the CRF, please provide the source unit in the “Lab Normals” field.",LB_LABEL3,,Text,,,,
2,PE,No,ig_PE1,Physical Exam,ig_PE1,,PEPERF,Was the physical examination performed?,PEPERF,PESTAT,Text,cl_YN1,cl_YN1,,
2,PE,No,ig_PE1,Physical Exam,ig_PE1,,PE_LABEL1,Enter any new or worsening abnormalities identified during a physical exam occuring during the protocol-required AE Reporting period as an adverse event.,PE_LABEL1,,Text,,,,
2,PE,No,ig_PE1,Physical Exam,ig_PE1,,PEDAT,Physical Exam Date,PEDAT,PEDTC,Date,,,,
2,SV,No,ig_SV1,Study Visit,ig_SV1,,SVOCCUR,Did the protocol-specified study visit occur?,SVOCCUR,,Text,cl_YN1,cl_YN1,,
2,SV,No,ig_SV1,Study Visit,ig_SV1,,SV_LABEL1,Please ensure that the AE has been entered on the Adverse Event CRF appropriately.,SV_LABEL1,,Text,,,,
2,SV,No,ig_SV1,Study Visit,ig_SV1,,RSCAT,Disease Type,RSCAT,,Text,cl_RSCAT1,cl_RSCAT1,,
2,SV,No,ig_SV1,Study Visit,ig_SV1,,SV_LABEL2,Please ensure that the medication has been entered on the Concomitant Medication CRF appropriately.,SV_LABEL2,,Text,,,,
2,SV,No,ig_SV1,Study Visit,ig_SV1,,SVAEREP,Any new adverse events or changes in existing adverse events to report?,SVAEREP,,Text,cl_YN1,cl_YN1,,
2,SV,No,ig_SV1,Study Visit,ig_SV1,,SVCMREP,Any new concomitant medications or changes in existing concomitant medications to report?,SVCMREP,,Text,cl_YN1,cl_YN1,,
2,LBLC,No,ig_LBLC2,Lymphocyte Counts Result,ig_LBLC2,,LBORRES,Lab Result,LBORRES,LBORRES,Text,,,,
2,LBLC,No,ig_LBLC2,Lymphocyte Counts Result,ig_LBLC2,,LBNR,Lab Normal Range,LBNR,LBNR,Text,,,,
2,LBLC,No,ig_LBLC2,Lymphocyte Counts Result,ig_LBLC2,,LBLCTEST,Lab Test Name,LBLCTEST,LBTEST,Text,cl_LBLC1,cl_LBLC1,,
2,LBLC,No,ig_LBLC1,Lymphocyte Counts,ig_LBLC1,,LBNAM,Laboratory Name,LBNAM,LBNAM,Text,cl_LBNAME1,cl_LBNAME1,,
2,LBLC,No,ig_LBLC1,Lymphocyte Counts,ig_LBLC1,,LBLCPERF,Were lymphocyte count tests performed?,LBLCPERF,LBPERF,Text,cl_YN1,cl_YN1,,
2,LBLC,No,ig_LBLC1,Lymphocyte Counts,ig_LBLC1,,LBDAT,Collection Date,LBDAT,LBDTC,Date,,,,
2,LBLC,No,ig_LBLC1,Lymphocyte Counts,ig_LBLC1,,LBNAMOTH,Specify Other Laboratory,LBNAMOTH,LBNAMOTH,Text,,,,
2,LBLC,No,ig_LBLC1,Lymphocyte Counts,ig_LBLC1,,LB_LABEL3,"For other laboratories, please enter the entire range for Lab Normals below including the hyphen with no spaces. If not known, enter UNK. If the unit in source does not match the unit on the CRF, please provide the source unit in the “Lab Normal Range” field.",LB_LABEL3,,Text,,,,
2,LBHLH,No,ig_HLH2,HLH/MAS Results,ig_HLH2,,LB_LABEL4,"Complete an Adverse Event Form if the Overall Interpretation is Abnormal, CS",LB_LABEL4,,Text,,,,
2,LBHLH,No,ig_HLH2,HLH/MAS Results,ig_HLH2,,LBORRES,Lab Result,LBORRES,LBORRES,Text,,,,
2,LBHLH,No,ig_HLH2,HLH/MAS Results,ig_HLH2,,LBNR,Lab Normal Range,LBNR,LBNR,Text,,,,
2,LBHLH,No,ig_HLH2,HLH/MAS Results,ig_HLH2,,LBCLSIG,Clinical Significance,LBCLSIG,,Text,cl_LBCLSIG1,cl_LBCLSIG1,,
2,LBHLH,No,ig_HLH2,HLH/MAS Results,ig_HLH2,,LBHLHTEST,Lab Test Name,LBHLHTEST,LBTEST,Text,cl_LBHLH1,cl_LBHLH1,,
2,LBHLH,No,ig_HLH1,HLH/MAS,ig_HLH1,,LB_LABEL2,"If a greater than or less than sign is included in the results, enter the numeric value of the result along with the special character in this field without spaces (ex. <5). Please ensure lab results are reported in the unit required by the CRF.  ",LB_LABEL2,,Text,,,,
2,LBHLH,No,ig_HLH1,HLH/MAS,ig_HLH1,,LBNAM,Laboratory Name,LBNAM,LBNAM,Text,cl_LBNAME1,cl_LBNAME1,,
2,LBHLH,No,ig_HLH1,HLH/MAS,ig_HLH1,,LBDAT,Collection Date,LBDAT,LBDTC,Date,,,,
2,LBHLH,No,ig_HLH1,HLH/MAS,ig_HLH1,,LBHLHPERF,Was HLH/MAS performed?,LBHLHPERF,,Text,cl_YN1,cl_YN1,,
2,LBHLH,No,ig_HLH1,HLH/MAS,ig_HLH1,,LBNAMOTH,Specify Other Laboratory,LBNAMOTH,LBNAMOTH,Text,,,,
2,LBHLH,No,ig_HLH1,HLH/MAS,ig_HLH1,,LB_LABEL1,Lab results should not be entered prior to documentation of Physician-Investigator assessment.,LB_LABEL1,,Text,,,,
2,LBHLH,No,ig_HLH1,HLH/MAS,ig_HLH1,,LB_LABEL3,"For other laboratories, please enter the entire range for Lab Normals below including the hyphen with no spaces. If not known, enter UNK. If the unit in source does not match the unit on the CRF, please provide the source unit in the “Lab Normal Range” field.",LB_LABEL3,,Text,,,,
2,LBSIG,No,ig_LBSIG1,Serum Immunoglobulin,ig_LBSIG1,,LB_LABEL2,"If a greater than or less than sign is included in the results, enter the numeric value of the result along with the special character in this field without spaces (ex. <5). Please ensure lab results are reported in the unit required by the CRF.  ",LB_LABEL2,,Text,,,,
2,LBSIG,No,ig_LBSIG1,Serum Immunoglobulin,ig_LBSIG1,,LBSIGPERF,Was Serum Immunoglobulin Test Performed?,LBSIGPERF,LBSTAT,Text,cl_YN1,cl_YN1,,
2,LBSIG,No,ig_LBSIG1,Serum Immunoglobulin,ig_LBSIG1,,LBNAM,Laboratory Name,LBNAM,LBNAM,Text,cl_LBNAME1,cl_LBNAME1,,
2,LBSIG,No,ig_LBSIG1,Serum Immunoglobulin,ig_LBSIG1,,LBDAT,Collection Date,LBDAT,LBDTC,Date,,,,
2,LBSIG,No,ig_LBSIG1,Serum Immunoglobulin,ig_LBSIG1,,LBNAMOTH,Specify Other Laboratory,LBNAMOTH,LBNAMOTH,Text,,,,
2,LBSIG,No,ig_LBSIG1,Serum Immunoglobulin,ig_LBSIG1,,LB_LABEL1,Lab results should not be entered prior to documentation of Physician-Investigator assessment.,LB_LABEL1,,Text,,,,
2,LBSIG,No,ig_LBSIG1,Serum Immunoglobulin,ig_LBSIG1,,LB_LABEL3,"For other laboratories, please enter the entire range for Lab Normals below including the hyphen with no spaces. If not known, enter UNK. If the unit in source does not match the unit on the CRF, please provide the source unit in the “Lab Normal Range” field.",LB_LABEL3,,Text,,,,
2,LBSIG,No,ig_LBSIG2,Serum Immunoglobulin Results,ig_LBSIG2,,LBSIGTEST,Lab Test Name,LBSIGTEST,LBTEST,Text,cl_LBSIG1,cl_LBSIG1,,
2,LBSIG,No,ig_LBSIG2,Serum Immunoglobulin Results,ig_LBSIG2,,LB_LABEL4,"Complete an Adverse Event Form if the Overall Interpretation is Abnormal, CS",LB_LABEL4,,Text,,,,
2,LBSIG,No,ig_LBSIG2,Serum Immunoglobulin Results,ig_LBSIG2,,LBORRES,Lab Result,LBORRES,LBORRES,Text,,,,
2,LBSIG,No,ig_LBSIG2,Serum Immunoglobulin Results,ig_LBSIG2,,LBNR,Lab Normal Range,LBNR,LBNR,Text,,,,
2,LBSIG,No,ig_LBSIG2,Serum Immunoglobulin Results,ig_LBSIG2,,LBCLSIG,Clinical Significance,LBCLSIG,,Text,cl_LBCLSIG1,cl_LBCLSIG1,,
2,VS,No,ig_VS1,Subject Information,ig_VS1,,VSPERF,Were Vital Signs Assessed?,VSPERF,,Text,cl_YN1,cl_YN1,,
2,VS,No,ig_VS1,Subject Information,ig_VS1,,VSDAT,Date of Vital Signs,VSDAT,,Date,,,,
2,VS,No,ig_VS1,Subject Information,ig_VS1,,RRPERF,Is this visit within 28 days of infusion?,RRPERF,,Text,cl_YN1,cl_YN1,,
2,VS,No,ig_VS2,Vital Signs,ig_VS2,,TEMP,Temperature,TEMP,,Float,,,mu_HUPTEMPERATURE,mu_HUPTEMPERATURE
2,VS,No,ig_VS2,Vital Signs,ig_VS2,,HR,Heart Rate (Beats/Minute),HR,,Integer,,,,
2,VS,No,ig_VS2,Vital Signs,ig_VS2,,DIABP,Diastolic Blood Pressure (mmHg),DIABP,,Integer,,,,
2,VS,No,ig_VS2,Vital Signs,ig_VS2,,PEPOX,Oxygen saturation by pulse oximetry (%),PEPOX,,Integer,,,,
2,VS,No,ig_VS2,Vital Signs,ig_VS2,,VS_LABEL1," If multiple vital signs were performed on the same day, use 1st vital signs of the day.",VS_LABEL1,,Text,,,,
2,VS,No,ig_VS2,Vital Signs,ig_VS2,,RESP,Respiration Rate (Respirations/Minute),RESP,,Integer,,,,
2,VS,No,ig_VS2,Vital Signs,ig_VS2,,SYSBP,Systolic Blood Pressure (mmHg),SYSBP,,Integer,,,,
2,PRBM,No,ig_PRBM1,Bone Marrow Aspirate,ig_PRBM1,,PRBMFC,Flow Cytometry,PRBMFC,,Boolean,,,,
2,PRBM,No,ig_PRBM1,Bone Marrow Aspirate,ig_PRBM1,,PRBMOTH,Other,PRBMOTH,,Boolean,,,,
2,PRBM,No,ig_PRBM1,Bone Marrow Aspirate,ig_PRBM1,,PRMRDCDRES,CD19 Positive,PRMRDCDRES,,Text,cl_PRMRDCDRES,cl_PRMRDCDRES,,
2,PRBM,No,ig_PRBM1,Bone Marrow Aspirate,ig_PRBM1,,PRBMIHC,IHC,PRBMIHC,,Boolean,,,,
2,PRBM,No,ig_PRBM1,Bone Marrow Aspirate,ig_PRBM1,,LBNAM,Laboratory Name,LBNAM,LBNAM,Text,cl_LBNAME1,cl_LBNAME1,,
2,PRBM,No,ig_PRBM1,Bone Marrow Aspirate,ig_PRBM1,,RSBMOCCUR,Was there disease involvement?,RSBMOCCUR,,Text,cl_YN1,cl_YN1,,
2,PRBM,No,ig_PRBM1,Bone Marrow Aspirate,ig_PRBM1,,LBDAT,Collection Date,LBDAT,LBDTC,Date,,,,
2,PRBM,No,ig_PRBM1,Bone Marrow Aspirate,ig_PRBM1,,PRBM_LABEL1,Please check all methodologies used,PRBM_LABEL1,,Text,,,,
2,PRBM,No,ig_PRBM1,Bone Marrow Aspirate,ig_PRBM1,,LBNAMOTH,Specify Other Laboratory,LBNAMOTH,LBNAMOTH,Text,,,,
2,PRBM,No,ig_PRBM1,Bone Marrow Aspirate,ig_PRBM1,,PRBMSOTH,Specify Other Methodology,PRBMSOTH,,Text,,,,
2,PRBM,No,ig_PRBM1,Bone Marrow Aspirate,ig_PRBM1,,PRBMMA,Marrow Aspirate,PRBMMA,,Text,cl_DNDBM1,cl_DNDBM1,,
2,PRBM,No,ig_PRBM1,Bone Marrow Aspirate,ig_PRBM1,,PRBMMPV,Percentage of Disease Involvement by Morphology,PRBMMPV,,Text,,,,
2,PRBM,No,ig_SUBINFO,Subject Information,ig_SUBINFO,,IMGTPTR,Retreatment Time Point,IMGTPTR,,Text,cl_IMGTPT2,cl_IMGTPT2,,
2,PRBM,No,ig_SUBINFO,Subject Information,ig_SUBINFO,,IMGTPTDY,"For Unscheduled Time Point, Specify Day #",IMGTPTDY,,Text,,,,
2,PRBM,No,ig_SUBINFO,Subject Information,ig_SUBINFO,,STUDYPHS2,Study Phase,STUDYPHS2,,Text,cl_STUDYPHS2,cl_STUDYPHS2,,
2,PRBM,No,ig_SUBINFO,Subject Information,ig_SUBINFO,,IMGTPT,Time Point,IMGTPT,,Text,cl_IMGTPT1,cl_IMGTPT1,,
2,PRBM,No,ig_PRBM2,Bone Marrow Biopsy,ig_PRBM2,,PRBMMB,Marrow Biopsy,PRBMMB,,Text,cl_DNDBM1,cl_DNDBM1,,
2,PRBM,No,ig_PRBM2,Bone Marrow Biopsy,ig_PRBM2,,PRBMFC,Flow Cytometry,PRBMFC,,Boolean,,,,
2,PRBM,No,ig_PRBM2,Bone Marrow Biopsy,ig_PRBM2,,PRBMMBCELL,Cellularity,PRBMMBCELL,,Text,cl_PRBMMBCELL1,cl_PRBMMBCELL1,,
2,PRBM,No,ig_PRBM2,Bone Marrow Biopsy,ig_PRBM2,,PRBMOTH,Other,PRBMOTH,,Boolean,,,,
2,PRBM,No,ig_PRBM2,Bone Marrow Biopsy,ig_PRBM2,,PRBMIHC,IHC,PRBMIHC,,Boolean,,,,
2,PRBM,No,ig_PRBM2,Bone Marrow Biopsy,ig_PRBM2,,LBNAM,Laboratory Name,LBNAM,LBNAM,Text,cl_LBNAME1,cl_LBNAME1,,
2,PRBM,No,ig_PRBM2,Bone Marrow Biopsy,ig_PRBM2,,RSBMOCCUR,Was there disease involvement?,RSBMOCCUR,,Text,cl_YN1,cl_YN1,,
2,PRBM,No,ig_PRBM2,Bone Marrow Biopsy,ig_PRBM2,,LBDAT,Collection Date,LBDAT,LBDTC,Date,,,,
2,PRBM,No,ig_PRBM2,Bone Marrow Biopsy,ig_PRBM2,,PRBM_LABEL1,Please check all methodologies used,PRBM_LABEL1,,Text,,,,
2,PRBM,No,ig_PRBM2,Bone Marrow Biopsy,ig_PRBM2,,LBNAMOTH,Specify Other Laboratory,LBNAMOTH,LBNAMOTH,Text,,,,
2,PRBM,No,ig_PRBM2,Bone Marrow Biopsy,ig_PRBM2,,PRBMSOTH,Specify Other Methodology,PRBMSOTH,,Text,,,,
2,CLLIMG,No,ig_CLLIMG8,Constitutional Symptoms,ig_CLLIMG8,,FATIGUEYN,Fatigue that interferes with work or usual activities?,FATIGUEYN,,Text,cl_YNNAS1,cl_YNNAS1,,
2,CLLIMG,No,ig_CLLIMG8,Constitutional Symptoms,ig_CLLIMG8,,CSYMYN,Were constitutional symptoms assessed?,CSYMYN,,Text,cl_YN1,cl_YN1,,
2,CLLIMG,No,ig_CLLIMG8,Constitutional Symptoms,ig_CLLIMG8,,SWEATSYN,Unexplained night sweats > 1 month?,SWEATSYN,,Text,cl_YNNAS1,cl_YNNAS1,,
2,CLLIMG,No,ig_CLLIMG8,Constitutional Symptoms,ig_CLLIMG8,,FEVERYN,Unexplained fevers greater than 100.4 F for >/=2 weeks?,FEVERYN,,Text,cl_YNNAS1,cl_YNNAS1,,
2,CLLIMG,No,ig_CLLIMG8,Constitutional Symptoms,ig_CLLIMG8,,ASSDAT,Date of Assessment,ASSDAT,,Date,,,,
2,CLLIMG,No,ig_CLLIMG8,Constitutional Symptoms,ig_CLLIMG8,,WEIGHTLOSSYN,Unexplained loss of body weight >10% within the previous 6 months?,WEIGHTLOSSYN,,Text,cl_YNNAS1,cl_YNNAS1,,
2,CLLIMG,No,ig_CLLIMG3,Radiologic Evaluation - Nodal Lesions,ig_CLLIMG3,,LESLOC,Location,LESLOC,,Text,,,,
2,CLLIMG,No,ig_CLLIMG3,Radiologic Evaluation - Nodal Lesions,ig_CLLIMG3,,LDIA,Longest Diameter,LDIA,,Float,,,mu_MMCM,mu_MMCM
2,CLLIMG,No,ig_CLLIMG3,Radiologic Evaluation - Nodal Lesions,ig_CLLIMG3,,SDIA,Shortest Diameter,SDIA,,Float,,,mu_MMCM,mu_MMCM
2,CLLIMG,No,ig_CLLIMG3,Radiologic Evaluation - Nodal Lesions,ig_CLLIMG3,,LESNUM,Lesion Number,LESNUM,,Integer,,,,
2,CLLIMG,No,ig_CLLIMG3,Radiologic Evaluation - Nodal Lesions,ig_CLLIMG3,,SERIESIMAGE,Series or Image,SERIESIMAGE,,Text,,,,
2,CLLIMG,No,ig_CLLIMG1,Subject Information,ig_CLLIMG1,,IMGTPTR,Retreatment Time Point,IMGTPTR,,Text,cl_IMGTPT2,cl_IMGTPT2,,
2,CLLIMG,No,ig_CLLIMG1,Subject Information,ig_CLLIMG1,,IMGTPTDY,"For Unscheduled Time Point, Specify Day #",IMGTPTDY,,Text,,,,
2,CLLIMG,No,ig_CLLIMG1,Subject Information,ig_CLLIMG1,,CLLDISPERF,Was CLL disease evaluation performed?,CLLDISPERF,,Text,cl_YN1,cl_YN1,,
2,CLLIMG,No,ig_CLLIMG1,Subject Information,ig_CLLIMG1,,STUDYPHS2,Study Phase,STUDYPHS2,,Text,cl_STUDYPHS2,cl_STUDYPHS2,,
2,CLLIMG,No,ig_CLLIMG1,Subject Information,ig_CLLIMG1,,IMGTPT,Time Point,IMGTPT,,Text,cl_IMGTPT1,cl_IMGTPT1,,
2,CLLIMG,No,ig_CLLIMG7,Liver Evaluation,ig_CLLIMG7,,CLLLVRPERF,Was an evaluation of the liver performed?,CLLLVRPERF,,Text,cl_YN1,cl_YN1,,
2,CLLIMG,No,ig_CLLIMG7,Liver Evaluation,ig_CLLIMG7,,EVLDAT,Evaluation Date,EVLDAT,,Date,,,,
2,CLLIMG,No,ig_CLLIMG7,Liver Evaluation,ig_CLLIMG7,,EVLMTDOTH,Specify Other Evaluation Method,EVLMTDOTH,,Text,,,,
2,CLLIMG,No,ig_CLLIMG7,Liver Evaluation,ig_CLLIMG7,,EVLMTD,Evaluation Method,EVLMTD,,Text,cl_EVLMTD1,cl_EVLMTD1,,
2,CLLIMG,No,ig_CLLIMG7,Liver Evaluation,ig_CLLIMG7,,EVLRES,Evaluation Results,EVLRES,,Text,cl_EVLRES1,cl_EVLRES1,,
2,CLLIMG,No,ig_CLLIMG2,Radiologic Evaluation,ig_CLLIMG2,,SPIMGLOC2,Specify Other Imaging Location,SPIMGLOC2,,Text,,,,
2,CLLIMG,No,ig_CLLIMG2,Radiologic Evaluation,ig_CLLIMG2,,CLLNEWLYN2,Were new lesions identified > 1.5cm? ,CLLNEWLYN2,,Text,cl_YNNA1,cl_YNNA1,,
2,CLLIMG,No,ig_CLLIMG2,Radiologic Evaluation,ig_CLLIMG2,,CLLIMGTYP,Type of Imaging,CLLIMGTYP,,Text,cl_CLLIMGTYP1,cl_CLLIMGTYP1,,
2,CLLIMG,No,ig_CLLIMG2,Radiologic Evaluation,ig_CLLIMG2,,CLLIMGTYPOTH,Specify Other Imaging Type,CLLIMGTYPOTH,,Text,,,,
2,CLLIMG,No,ig_CLLIMG2,Radiologic Evaluation,ig_CLLIMG2,,IMGLOC,Imaging Location,IMGLOC,,Text,cl_CLLIMGLOC1,cl_CLLIMGLOC1,,
2,CLLIMG,No,ig_CLLIMG2,Radiologic Evaluation,ig_CLLIMG2,,CLLIMGTYPOTH2,Specify Other Imaging Type,CLLIMGTYPOTH2,,Text,,,,
2,CLLIMG,No,ig_CLLIMG2,Radiologic Evaluation,ig_CLLIMG2,,IMGDAT2,Imaging Date,IMGDAT2,,Date,,,,
2,CLLIMG,No,ig_CLLIMG2,Radiologic Evaluation,ig_CLLIMG2,,IMGLOC2,Imaging Location,IMGLOC2,,Text,cl_CLLIMGLOC1,cl_CLLIMGLOC1,,
2,CLLIMG,No,ig_CLLIMG2,Radiologic Evaluation,ig_CLLIMG2,,CLLNLYN,Were Nodal Lesions Identified?,CLLNLYN,,Text,cl_YNNAS1,cl_YNNAS1,,
2,CLLIMG,No,ig_CLLIMG2,Radiologic Evaluation,ig_CLLIMG2,,SPIMGLOC,Specify Other Imaging Location,SPIMGLOC,,Text,,,,
2,CLLIMG,No,ig_CLLIMG2,Radiologic Evaluation,ig_CLLIMG2,,ADDIMGPERF,Additional imaging performed on another date?,ADDIMGPERF,,Text,cl_YN1,cl_YN1,,
2,CLLIMG,No,ig_CLLIMG2,Radiologic Evaluation,ig_CLLIMG2,,TOTINTP,Overall Interpretation,TOTINTP,,Text,cl_TOTINTP1,cl_TOTINTP1,,
2,CLLIMG,No,ig_CLLIMG2,Radiologic Evaluation,ig_CLLIMG2,,IMGDAT,Imaging Date,IMGDAT,,Date,,,,
2,CLLIMG,No,ig_CLLIMG2,Radiologic Evaluation,ig_CLLIMG2,,CLLIMGTYP2,Type of Imaging,CLLIMGTYP2,,Text,cl_CLLIMGTYP1,cl_CLLIMGTYP1,,
2,CLLIMG,No,ig_CLLIMG6,Spleen Evaluation,ig_CLLIMG6,,TDIA,Transverse Diameter,TDIA,,Float,,,mu_MMCM,mu_MMCM
2,CLLIMG,No,ig_CLLIMG6,Spleen Evaluation,ig_CLLIMG6,,EVLDAT,Evaluation Date,EVLDAT,,Date,,,,
2,CLLIMG,No,ig_CLLIMG6,Spleen Evaluation,ig_CLLIMG6,,EVLMTDOTH,Specify Other Evaluation Method,EVLMTDOTH,,Text,,,,
2,CLLIMG,No,ig_CLLIMG6,Spleen Evaluation,ig_CLLIMG6,,CLLSPLPERF,Was an evaluation of the spleen performed?,CLLSPLPERF,,Text,cl_YN1,cl_YN1,,
2,CLLIMG,No,ig_CLLIMG6,Spleen Evaluation,ig_CLLIMG6,,PDIA,Perpendicular Diameter,PDIA,,Float,,,mu_MMCM,mu_MMCM
2,CLLIMG,No,ig_CLLIMG6,Spleen Evaluation,ig_CLLIMG6,,EVLMTD,Evaluation Method,EVLMTD,,Text,cl_EVLMTD1,cl_EVLMTD1,,
2,CLLIMG,No,ig_CLLIMG6,Spleen Evaluation,ig_CLLIMG6,,EVLRES,Evaluation Results,EVLRES,,Text,cl_EVLRES1,cl_EVLRES1,,
2,CLLIMG,No,ig_CLLIMG4,Radiologic Evaluation - Total Nodal Lesion Summary,ig_CLLIMG4,,CLLNLESCP,Nodal Lesion Change Percentage (+ or -) %,CLLNLESCP,,Float,,,,
2,CLLIMG,No,ig_CLLIMG4,Radiologic Evaluation - Total Nodal Lesion Summary,ig_CLLIMG4,,CLLNLESSUM,Nodal Lesion Product Sum,CLLNLESSUM,,Float,,,mu_SQMMCM,mu_SQMMCM
2,CLLIMG,No,ig_CLLIMG4,Radiologic Evaluation - Total Nodal Lesion Summary,ig_CLLIMG4,,SUVMAX,Maximum SUV,SUVMAX,,Float,,,,
2,CLLIMG,No,ig_CLLIMG4,Radiologic Evaluation - Total Nodal Lesion Summary,ig_CLLIMG4,,LVRSUV,Liver SUV,LVRSUV,,Float,,,,
2,CLLIMG,No,ig_CLLIMG4,Radiologic Evaluation - Total Nodal Lesion Summary,ig_CLLIMG4,,MBPSUV,Mediastinal Blood Pool  SUV,MBPSUV,,Float,,,,
2,CLLIMG,No,ig_CLLIMG5,Radiologic Evaluation - New Lesions,ig_CLLIMG5,,LESLOC,Location,LESLOC,,Text,,,,
2,CLLIMG,No,ig_CLLIMG5,Radiologic Evaluation - New Lesions,ig_CLLIMG5,,CLLLESTYP,Lesion Type,CLLLESTYP,,Text,cl_CLLLESTYP1,cl_CLLLESTYP1,,
2,CLLIMG,No,ig_CLLIMG5,Radiologic Evaluation - New Lesions,ig_CLLIMG5,,LDIA,Longest Diameter,LDIA,,Float,,,mu_MMCM,mu_MMCM
2,CLLIMG,No,ig_CLLIMG5,Radiologic Evaluation - New Lesions,ig_CLLIMG5,,SDIA,Shortest Diameter,SDIA,,Float,,,mu_MMCM,mu_MMCM
2,CLLIMG,No,ig_CLLIMG5,Radiologic Evaluation - New Lesions,ig_CLLIMG5,,LESNUM,Lesion Number,LESNUM,,Integer,,,,
2,CLLIMG,No,ig_CLLIMG5,Radiologic Evaluation - New Lesions,ig_CLLIMG5,,SERIESIMAGE,Series or Image,SERIESIMAGE,,Text,,,,
2,RS,No,ig_RS2,CLL Disease Response,ig_RS2,,RS_LABEL1,"Select ""Not Assessed"" if tests/assessments/procedures were not completed, and therefore no Disease Assessment was performed. Select ""Not Evaluable"" if tests/assessments/procedures were completed, but a Disease Assessment was unable to be determined based on the available data.",RS_LABEL1,,Text,,,,
2,RS,No,ig_RS2,CLL Disease Response,ig_RS2,,RSCLLBMRESP,CLL Bone Marrow Response,RSCLLBMRESP,,Text,cl_RSCLLBMR1,cl_RSCLLBMR1,,
2,RS,No,ig_RS2,CLL Disease Response,ig_RS2,,RSCLLCAT,Overall CLL Disease Response,RSCLLCAT,,Text,cl_RSCLLCAT1,cl_RSCLLCAT1,,
2,RS,No,ig_RS2,CLL Disease Response,ig_RS2,,RSDAT,Disease Response Date,RSDAT,,Date,,,,
2,RS,No,ig_RS1,Subject Information,ig_RS1,,RSTPTR,Retreatment Time Point,RSTPTR,,Text,cl_RSTPT2,cl_RSTPT2,,
2,RS,No,ig_RS1,Subject Information,ig_RS1,,RSTPT,Time Point,RSTPT,,Text,cl_RSTPT1,cl_RSTPT1,,
2,RS,No,ig_RS1,Subject Information,ig_RS1,,RSTPTDY,"For Unscheduled Time Point, Specify Day #",RSTPTDY,,Text,,,,
2,RS,No,ig_RS1,Subject Information,ig_RS1,,RSCAT,Disease Type,RSCAT,,Text,cl_RSCAT1,cl_RSCAT1,,
2,RS,No,ig_RS1,Subject Information,ig_RS1,,STUDYPHS2,Study Phase,STUDYPHS2,,Text,cl_STUDYPHS2,cl_STUDYPHS2,,
2,RS,No,ig_RS1,Subject Information,ig_RS1,,RSPERF,Was disease assessment performed?,RSPERF,,Text,cl_YN1,cl_YN1,,
2,RS,No,ig_RS3,NHL Disease Response,ig_RS3,,RS_LABEL2,Select type of imaging used to evaluate the response below.,RS_LABEL2,,Text,,,,
2,RS,No,ig_RS3,NHL Disease Response,ig_RS3,,RSNHLCTCAT,CT-Based NHL Disease Response,RSNHLCTCAT,,Text,cl_RSNHLCTCAT1,cl_RSNHLCTCAT1,,
2,RS,No,ig_RS3,NHL Disease Response,ig_RS3,,RSIMAGTYP2,CT-Based Response,RSIMAGTYP2,,Boolean,,,,
2,RS,No,ig_RS3,NHL Disease Response,ig_RS3,,RSPETRESP,Response Previously Determined by PET Scan?,RSPETRESP,,Text,cl_YN1,cl_YN1,,
2,RS,No,ig_RS3,NHL Disease Response,ig_RS3,,RS_LABEL1,"Select ""Not Assessed"" if tests/assessments/procedures were not completed, and therefore no Disease Assessment was performed. Select ""Not Evaluable"" if tests/assessments/procedures were completed, but a Disease Assessment was unable to be determined based on the available data.",RS_LABEL1,,Text,,,,
2,RS,No,ig_RS3,NHL Disease Response,ig_RS3,,RSNHLPETCAT,PET-Based NHL Disease Response,RSNHLPETCAT,,Text,cl_RSNHLPETCAT1,cl_RSNHLPETCAT1,,
2,RS,No,ig_RS3,NHL Disease Response,ig_RS3,,PET5PTSCR,PET 5-Point Scale,PET5PTSCR,,Integer,,,,
2,RS,No,ig_RS3,NHL Disease Response,ig_RS3,,RSPETDAT,Date of PET Scan,RSPETDAT,,Date,,,,
2,RS,No,ig_RS3,NHL Disease Response,ig_RS3,,RSIMAGTYP1,PET-Based Response,RSIMAGTYP1,,Boolean,,,,
2,RS,No,ig_RS3,NHL Disease Response,ig_RS3,,RSDAT,Disease Response Date,RSDAT,,Date,,,,
2,RCL,No,ig_RCL1,Replication Competent Lentivirus (RCL),ig_RCL1,,RCLRES,Were results received?,RCLRES,,Text,cl_YN1,cl_YN1,,
2,RCL,No,ig_RCL1,Replication Competent Lentivirus (RCL),ig_RCL1,,RCLSAMCOL,Were research samples collected for analysis?,RCLSAMCOL,,Text,cl_YNUNS1,cl_YNUNS1,,
2,RCL,No,ig_RCL1,Replication Competent Lentivirus (RCL),ig_RCL1,,RCLLBNAM,Laboratory Name,RCLLBNAM,LBNAM,Text,cl_LBNAME2,cl_LBNAME2,,
2,RCL,No,ig_RCL1,Replication Competent Lentivirus (RCL),ig_RCL1,,CDEXPSAMTYPOTH,Specify Other Sample Type,CDEXPSAMTYPOTH,,Text,,,,
2,RCL,No,ig_RCL1,Replication Competent Lentivirus (RCL),ig_RCL1,,RCLDNAVAL,Copies/Microgram Genomic DNA Value,RCLDNAVAL,,Float,,,,
2,RCL,No,ig_RCL1,Replication Competent Lentivirus (RCL),ig_RCL1,,RCLSAMTYP,Sample Type,RCLSAMTYP,,Text,cl_RCLSAMTYP1,cl_RCLSAMTYP1,,
2,RCL,No,ig_RCL1,Replication Competent Lentivirus (RCL),ig_RCL1,,IMGTPTDY,"For Unscheduled Time Point, Specify Day #",IMGTPTDY,,Text,,,,
2,RCL,No,ig_RCL1,Replication Competent Lentivirus (RCL),ig_RCL1,,LBDAT,Collection Date,LBDAT,LBDTC,Date,,,,
2,RCL,No,ig_RCL1,Replication Competent Lentivirus (RCL),ig_RCL1,,RCLDNARES,Copies/Microgram Genomic DNA Result,RCLDNARES,,Text,cl_RCLDNARES1,cl_RCLDNARES1,,
2,RCL,No,ig_RCL1,Replication Competent Lentivirus (RCL),ig_RCL1,,RCL_LABEL1,"The Translational Correlative Studies Laboratory (TCSL) does not test initial pre‐infusion samples received if a later, paired sample is not available for comparison (e.g. if the subject does not reach the Month 3 time point, the pre‐infusion samples will not be analyzed).",RCL_LABEL1,,Text,,,,
2,DSSVLTFU,No,ig_DSSVLTFU1,Study Visit,ig_DSSVLTFU1,,SV2RSEVAL,Were disease assessments performed?,SV2RSEVAL,,Text,cl_YN1,cl_YN1,,
2,DSSVLTFU,No,ig_DSSVLTFU1,Study Visit,ig_DSSVLTFU1,,DSSVLTFU_LABEL1,"As per protocol, study visits may be completed onsite or via remote follow-up through contact with local provider and access to medical records and routine clinical data.  If a visit is completed, but individual tests/procedures are missed (e.g. no collection of research samples), this must be appropriately captured on the individual CRFs.",DSSVLTFU_LABEL1,,Text,,,,
2,DSSVLTFU,No,ig_DSSVLTFU1,Study Visit,ig_DSSVLTFU1,,SV2VEC,Does the subject have ongoing CAR T cell persistence per qPCR?,SV2VEC,,Text,cl_YNUNK1,cl_YNUNK1,,
2,DSSVLTFU,No,ig_DSSVLTFU1,Study Visit,ig_DSSVLTFU1,,LTFUTPT,Long-Term Follow-Up Time Point,LTFUTPT,,Text,cl_LTFUTP1,cl_LTFUTP1,,
2,DSSVLTFU,No,ig_DSSVLTFU1,Study Visit,ig_DSSVLTFU1,,DSSVLTFU_LABEL3,Please ensure that the PDAE has been entered on the Protocol-defined Adverse Event CRF appropriately.,DSSVLTFU_LABEL3,,Text,,,,
2,DSSVLTFU,No,ig_DSSVLTFU1,Study Visit,ig_DSSVLTFU1,,RSCAT,Disease Type,RSCAT,,Text,cl_RSCAT1,cl_RSCAT1,,
2,DSSVLTFU,No,ig_DSSVLTFU1,Study Visit,ig_DSSVLTFU1,,DSSVLTFU_LABEL5,Please report Date of Death on End of Study CRF.,DSSVLTFU_LABEL5,,Text,,,,
2,DSSVLTFU,No,ig_DSSVLTFU1,Study Visit,ig_DSSVLTFU1,,SURVSTATYN,Is subject survival status known?,SURVSTATYN,,Text,cl_YN1,cl_YN1,,
2,DSSVLTFU,No,ig_DSSVLTFU1,Study Visit,ig_DSSVLTFU1,,SV2PDAEREP,Any new PDAEs or changes in existing PDAEs to report?,SV2PDAEREP,,Text,cl_YN1,cl_YN1,,
2,DSSVLTFU,No,ig_DSSVLTFU1,Study Visit,ig_DSSVLTFU1,,SVOCCUR,Did the protocol-specified study visit occur?,SVOCCUR,,Text,cl_YN1,cl_YN1,,
2,DSSVLTFU,No,ig_DSSVLTFU1,Study Visit,ig_DSSVLTFU1,,SURVSTAT,Survival Status,SURVSTAT,,Text,cl_SURVSTAT1,cl_SURVSTAT1,,
2,DSSVLTFU,No,ig_DSSVLTFU1,Study Visit,ig_DSSVLTFU1,,VISITDAT,Visit Date,VISITDAT,,Date,,,,
2,DSSVLTFU,No,ig_DSSVLTFU1,Study Visit,ig_DSSVLTFU1,,LASTCONTDAT,"If alive, please confirm last contact date",LASTCONTDAT,,Date,,,,
2,DSSVLTFU,No,ig_DSSVLTFU1,Study Visit,ig_DSSVLTFU1,,SV2ANPREP,Any new ANP therapy and/or changes in existing ANP therapy to report? ,SV2ANPREP,,Text,cl_YN1,cl_YN1,,
2,DSSVLTFU,No,ig_DSSVLTFU1,Study Visit,ig_DSSVLTFU1,,DSSVLTFU_LABEL4,Please ensure that the medication has been entered on the LTFU ANP CRF appropriately.,DSSVLTFU_LABEL4,,Text,,,,
2,NHLIMG,No,ig_NHLIMG7,Summary Evaluation,ig_NHLIMG7,,NHLNILESRSP,Non-Index Lesion Response ,NHLNILESRSP,,Text,cl_PRESENTNAS1,cl_PRESENTNAS1,,
2,NHLIMG,No,ig_NHLIMG7,Summary Evaluation,ig_NHLIMG7,,NHLILESRSP,Index Lesion Response ,NHLILESRSP,,Text,cl_NHLILESRSP1,cl_NHLILESRSP1,,
2,NHLIMG,No,ig_NHLIMG7,Summary Evaluation,ig_NHLIMG7,,NHLPETBMST,PET Bone Marrow Status,NHLPETBMST,,Text,cl_NHLPETBMST1,cl_NHLPETBMST1,,
2,NHLIMG,No,ig_NHLIMG7,Summary Evaluation,ig_NHLIMG7,,SUVMAX,Maximum SUV,SUVMAX,,Float,,,,
2,NHLIMG,No,ig_NHLIMG7,Summary Evaluation,ig_NHLIMG7,,NHLNEWLESPRS,New Lesions Present?,NHLNEWLESPRS,,Text,cl_YN1,cl_YN1,,
2,NHLIMG,No,ig_NHLIMG7,Summary Evaluation,ig_NHLIMG7,,NHLILESCP1,Index Lesion Percent Change From Baseline (+ or -) %,NHLILESCP1,,Float,,,,
2,NHLIMG,No,ig_NHLIMG7,Summary Evaluation,ig_NHLIMG7,,NHLILESCP2,Index Lesion Percent Change From Previous Assessment (+ or -) %,NHLILESCP2,,Float,,,,
2,NHLIMG,No,ig_NHLIMG7,Summary Evaluation,ig_NHLIMG7,,NHLNAUPTKLYMPH,New Areas of Uptake Related to Lymphoma,NHLNAUPTKLYMPH,,Text,cl_YNNAS1,cl_YNNAS1,,
2,NHLIMG,No,ig_NHLIMG7,Summary Evaluation,ig_NHLIMG7,,NHLILESSUM,Index Lesion Product Sum,NHLILESSUM,,Float,,,mu_SQMMCM,mu_SQMMCM
2,NHLIMG,No,ig_NHLIMG7,Summary Evaluation,ig_NHLIMG7,,LVRSUV,Liver SUV,LVRSUV,,Float,,,,
2,NHLIMG,No,ig_NHLIMG7,Summary Evaluation,ig_NHLIMG7,,MBPSUV,Mediastinal Blood Pool  SUV,MBPSUV,,Float,,,,
2,NHLIMG,No,ig_NHLIMG1,Subject Information,ig_NHLIMG1,,IMGTPTDY,"For Unscheduled Time Point, Specify Day #",IMGTPTDY,,Text,,,,
2,NHLIMG,No,ig_NHLIMG1,Subject Information,ig_NHLIMG1,,STUDYPHS2,Study Phase,STUDYPHS2,,Text,cl_STUDYPHS2,cl_STUDYPHS2,,
2,NHLIMG,No,ig_NHLIMG1,Subject Information,ig_NHLIMG1,,TSTDAT2,Assessment Date,TSTDAT2,,Date,,,,
2,NHLIMG,No,ig_NHLIMG1,Subject Information,ig_NHLIMG1,,NHLNILESYN,Non-Index Lesions Identified?,NHLNILESYN,,Text,cl_YNNAS1,cl_YNNAS1,,
2,NHLIMG,No,ig_NHLIMG1,Subject Information,ig_NHLIMG1,,IMGTPT,Time Point,IMGTPT,,Text,cl_IMGTPT1,cl_IMGTPT1,,
2,NHLIMG,No,ig_NHLIMG1,Subject Information,ig_NHLIMG1,,NHLEVLMTD,Evaluation Method,NHLEVLMTD,,Text,cl_NHLEVLMTD1,cl_NHLEVLMTD1,,
2,NHLIMG,No,ig_NHLIMG1,Subject Information,ig_NHLIMG1,,NHLNEWLESYN2,New Lesions Identified?,NHLNEWLESYN2,,Text,cl_YNNA1,cl_YNNA1,,
2,NHLIMG,No,ig_NHLIMG1,Subject Information,ig_NHLIMG1,,IMGTPTR,Retreatment Time Point,IMGTPTR,,Text,cl_IMGTPT2,cl_IMGTPT2,,
2,NHLIMG,No,ig_NHLIMG1,Subject Information,ig_NHLIMG1,,EVLMTDOTH,Specify Other Evaluation Method,EVLMTDOTH,,Text,,,,
2,NHLIMG,No,ig_NHLIMG1,Subject Information,ig_NHLIMG1,,ADDIMGPERF,Additional imaging performed on another date?,ADDIMGPERF,,Text,cl_YN1,cl_YN1,,
2,NHLIMG,No,ig_NHLIMG1,Subject Information,ig_NHLIMG1,,NHLILESYN,Index Lesions Identified?,NHLILESYN,,Text,cl_YNNAS1,cl_YNNAS1,,
2,NHLIMG,No,ig_NHLIMG1,Subject Information,ig_NHLIMG1,,NHLEVLMTD2,Evaluation Method,NHLEVLMTD2,,Text,cl_NHLEVLMTD1,cl_NHLEVLMTD1,,
2,NHLIMG,No,ig_NHLIMG1,Subject Information,ig_NHLIMG1,,NHLIMGPERF,Was radiographic imaging performed?,NHLIMGPERF,,Text,cl_YN1,cl_YN1,,
2,NHLIMG,No,ig_NHLIMG1,Subject Information,ig_NHLIMG1,,TSTDAT,Assessment Date,TSTDAT,,Date,,,,
2,NHLIMG,No,ig_NHLIMG1,Subject Information,ig_NHLIMG1,,EVLMTDOTH2,Specify Other Evaluation Method,EVLMTDOTH2,,Text,,,,
2,NHLIMG,No,ig_NHLIMG4,New Lesions,ig_NHLIMG4,,LESLOC,Location,LESLOC,,Text,,,,
2,NHLIMG,No,ig_NHLIMG4,New Lesions,ig_NHLIMG4,,NHLLESTYP,Lesion Type,NHLLESTYP,,Text,cl_NHLIMGLESTYP1,cl_NHLIMGLESTYP1,,
2,NHLIMG,No,ig_NHLIMG4,New Lesions,ig_NHLIMG4,,SDIA,Shortest Diameter,SDIA,,Float,,,mu_MMCM,mu_MMCM
2,NHLIMG,No,ig_NHLIMG4,New Lesions,ig_NHLIMG4,,LDIA,Longest Diameter,LDIA,,Float,,,mu_MMCM,mu_MMCM
2,NHLIMG,No,ig_NHLIMG4,New Lesions,ig_NHLIMG4,,LESNUM,Lesion Number,LESNUM,,Integer,,,,
2,NHLIMG,No,ig_NHLIMG4,New Lesions,ig_NHLIMG4,,SERIESIMAGE,Series or Image,SERIESIMAGE,,Text,,,,
2,NHLIMG,No,ig_NHLIMG2,Index Lesions,ig_NHLIMG2,,LESLOC,Location,LESLOC,,Text,,,,
2,NHLIMG,No,ig_NHLIMG2,Index Lesions,ig_NHLIMG2,,LDIA,Longest Diameter,LDIA,,Float,,,mu_MMCM,mu_MMCM
2,NHLIMG,No,ig_NHLIMG2,Index Lesions,ig_NHLIMG2,,SDIA,Shortest Diameter,SDIA,,Float,,,mu_MMCM,mu_MMCM
2,NHLIMG,No,ig_NHLIMG2,Index Lesions,ig_NHLIMG2,,LESNUM,Lesion Number,LESNUM,,Integer,,,,
2,NHLIMG,No,ig_NHLIMG2,Index Lesions,ig_NHLIMG2,,SERIESIMAGE,Series or Image,SERIESIMAGE,,Text,,,,
2,NHLIMG,No,ig_NHLIMG5,Spleen Evaluation,ig_NHLIMG5,,TDIA,Transverse Diameter,TDIA,,Float,,,mu_MMCM,mu_MMCM
2,NHLIMG,No,ig_NHLIMG5,Spleen Evaluation,ig_NHLIMG5,,EVLDAT,Evaluation Date,EVLDAT,,Date,,,,
2,NHLIMG,No,ig_NHLIMG5,Spleen Evaluation,ig_NHLIMG5,,EVLMTDOTH,Specify Other Evaluation Method,EVLMTDOTH,,Text,,,,
2,NHLIMG,No,ig_NHLIMG5,Spleen Evaluation,ig_NHLIMG5,,PDIA,Perpendicular Diameter,PDIA,,Float,,,mu_MMCM,mu_MMCM
2,NHLIMG,No,ig_NHLIMG5,Spleen Evaluation,ig_NHLIMG5,,EVLMTD,Evaluation Method,EVLMTD,,Text,cl_EVLMTD1,cl_EVLMTD1,,
2,NHLIMG,No,ig_NHLIMG5,Spleen Evaluation,ig_NHLIMG5,,NHLSPPERF,Was an evaluation of the spleen performed?,NHLSPPERF,,Text,cl_YN1,cl_YN1,,
2,NHLIMG,No,ig_NHLIMG5,Spleen Evaluation,ig_NHLIMG5,,EVLRES,Evaluation Results,EVLRES,,Text,cl_EVLRES1,cl_EVLRES1,,
2,NHLIMG,No,ig_NHLIMG6,Bone Marrow Involvement,ig_NHLIMG6,,BMINVLV,Bone Marrow Involvement?,BMINVLV,,Text,cl_NHLBMINVLV1,cl_NHLBMINVLV1,,
2,NHLIMG,No,ig_NHLIMG6,Bone Marrow Involvement,ig_NHLIMG6,,NHLIMG_LABEL1,Please ensure that the  Bone Marrow CRF is entered appropriately.,NHLIMG_LABEL1,,Text,,,,
2,NHLIMG,No,ig_NHLIMG3,Non-Index Lesions,ig_NHLIMG3,,LESLOC,Location,LESLOC,,Text,,,,
2,NHLIMG,No,ig_NHLIMG3,Non-Index Lesions,ig_NHLIMG3,,LESPRES,Presence,LESPRES,,Text,cl_PRESENT1,cl_PRESENT1,,
2,NHLIMG,No,ig_NHLIMG3,Non-Index Lesions,ig_NHLIMG3,,LESNUM,Lesion Number,LESNUM,,Integer,,,,
2,RSC,No,ig_RSC2,Research Specimen Collection,ig_RSC2,,PCOTHSMTYP,Specify Other Sample Type,PCOTHSMTYP,,Text,,,,
2,RSC,No,ig_RSC2,Research Specimen Collection,ig_RSC2,,PCTBTYP,Tube Type,PCTBTYP,,Text,cl_PCTBTYP1,cl_PCTBTYP1,,
2,RSC,No,ig_RSC2,Research Specimen Collection,ig_RSC2,,PCOTHTBTYP,Specify Other Tube Type,PCOTHTBTYP,,Text,,,,
2,RSC,No,ig_RSC2,Research Specimen Collection,ig_RSC2,,PCRES,Number Collected,PCRES,,Integer,,,,
2,RSC,No,ig_RSC2,Research Specimen Collection,ig_RSC2,,PCLBNAM,Research Laboratory,PCLBNAM,,Text,cl_PCLBNAME1,cl_PCLBNAME1,,
2,RSC,No,ig_RSC2,Research Specimen Collection,ig_RSC2,,PCSMTYP,Sample Type,PCSMTYP,,Text,cl_PCSMTYP1,cl_PCSMTYP1,,
2,RSC,No,ig_RSC1,Subject Information,ig_RSC1,,PC_LABEL1,"If samples are collected at multiple points on infusion day, please create an additional CRF to capture samples from each relevant time point.",PC_LABEL1,,Text,,,,
2,RSC,No,ig_RSC1,Subject Information,ig_RSC1,,PCINF,Was this an infusion day?,PCINF,,Text,cl_YN1,cl_YN1,,
2,RSC,No,ig_RSC1,Subject Information,ig_RSC1,,COLLDAT,Collection Date,COLLDAT,,Date,,,,
2,RSC,No,ig_RSC1,Subject Information,ig_RSC1,,PCPERF,Were Research Specimens Collected?,PCPERF,,Text,cl_YNUNSARC1,cl_YNUNSARC1,,
2,RSC,No,ig_RSC1,Subject Information,ig_RSC1,,PC_LABEL2,"If samples for the study visit are collected on different dates, please create an additional CRF per date collected.",PC_LABEL2,,Text,,,,
2,RSC,No,ig_RSC1,Subject Information,ig_RSC1,,IMGTPTDY,"For Unscheduled Time Point, Specify Day #",IMGTPTDY,,Text,,,,
2,RSC,No,ig_RSC1,Subject Information,ig_RSC1,,PCSMPTP,Specify Research Sample Time Point,PCSMPTP,,Text,cl_PCSMPTP1,cl_PCSMPTP1,,
2,RSC,No,ig_RSC1,Subject Information,ig_RSC1,,PC_LABEL3,"Select +New Row (bottom left) to record each type of research sample collected and designated research laboratory. All specimens routed to a study designated research laboratory should be captured here (e.g. blood, tissue, etc). Please ensure Tissue Biopsy data is captured on the Research Specimen Collection CRF.",PC_LABEL3,,Text,,,,
2,QSICE,No,ig_QSICE2,ICE Assessment,ig_QSICE2,,QS_LABEL1,Please refer to the protocol for the Immune Effector Cell-Associated Encephalopathy (ICE) Score,QS_LABEL1,,Text,,,,
2,QSICE,No,ig_QSICE2,ICE Assessment,ig_QSICE2,,TXSTUDYDAY,Study Day,TXSTUDYDAY,,Text,,,,
2,QSICE,No,ig_QSICE2,ICE Assessment,ig_QSICE2,,QSFCRRES,Following Commands Score,QSFCRRES,,Integer,,,,
2,QSICE,No,ig_QSICE2,ICE Assessment,ig_QSICE2,,QSARRES,Attention Score,QSARRES,,Integer,,,,
2,QSICE,No,ig_QSICE2,ICE Assessment,ig_QSICE2,,QSTOTRRES,Total ICE Score,QSTOTRRES,,Integer,,,,
2,QSICE,No,ig_QSICE2,ICE Assessment,ig_QSICE2,,QSDAT,Date of Assessment,QSDAT,,Date,,,,
2,QSICE,No,ig_QSICE2,ICE Assessment,ig_QSICE2,,QSORRES,Orientation Score,QSORRES,,Integer,,,,
2,QSICE,No,ig_QSICE2,ICE Assessment,ig_QSICE2,,QSWRRES,Writing Score,QSWRRES,,Integer,,,,
2,QSICE,No,ig_QSICE2,ICE Assessment,ig_QSICE2,,QSNRRES,Naming Score,QSNRRES,,Integer,,,,
2,QSICE,No,ig_QSICE1,Subject Information,ig_QSICE1,,QSICEPERF,Was ICE Assessment Performed?,QSICEPERF,,Text,cl_YN1,cl_YN1,,
2,INF,No,ig_INF1,Infusion,ig_INF1,,INFREASNDELAY,"If yes, reason infusion was delayed",INFREASNDELAY,,Text,,,,
2,INF,No,ig_INF1,Infusion,ig_INF1,,INFDOS,CAR T Cell Dose Administered,INFDOS,,Float,,,,
2,INF,No,ig_INF1,Infusion,ig_INF1,,INFDOSTOT,Total Cell Dose Administered,INFDOSTOT,,Float,,,,
2,INF,No,ig_INF1,Infusion,ig_INF1,,INFTOTVOL,Total Volume (mL),INFTOTVOL,,Float,,,,
2,INF,No,ig_INF1,Infusion,ig_INF1,,INF_LABEL1,Use the Clinical Cell and Vaccine Production Facility (CVPF) Certificate(s) of Analysis (CoA) to complete the fields on this CRF.,INF_LABEL1,,Text,,,,
2,INF,No,ig_INF1,Infusion,ig_INF1,,INFTEFFP,Transduction Efficiency (%),INFTEFFP,,Float,,,,
2,INF,No,ig_INF1,Infusion,ig_INF1,,INFTYP,Investigational Product Name,INFTYP,,Text,cl_INFTYP1,cl_INFTYP1,,
2,INF,No,ig_INF1,Infusion,ig_INF1,,INFOCCUR,Was Infusion Administered?,INFOCCUR,,Text,cl_YN1,cl_YN1,,
2,INF,No,ig_INF1,Infusion,ig_INF1,,INFPACK,How was the product released?,INFPACK,,Text,cl_INFPACK1,cl_INFPACK1,,
2,INF,No,ig_INF1,Infusion,ig_INF1,,INFDAT,Infusion Date,INFDAT,,Date,,,,
2,INF,No,ig_INF1,Infusion,ig_INF1,,INFREASNOCCUR,"If no, specify reason not administered",INFREASNOCCUR,,Text,,,,
2,INF,No,ig_INF1,Infusion,ig_INF1,,INFDELAY,Was Infusion Delayed?,INFDELAY,,Text,cl_YN1,cl_YN1,,
2,INF,No,ig_INF1,Infusion,ig_INF1,,CLSTUDYDAY,Study Day,CLSTUDYDAY,,Text,cl_STUDYDAY1,cl_STUDYDAY1,,
2,INF,No,ig_INF1,Infusion,ig_INF1,,INFDOSXP,x 10 to the power of,INFDOSXP,,Text,cl_INFDOSXP1,cl_INFDOSXP1,,
2,INF,No,ig_INF1,Infusion,ig_INF1,,INFDOSTOTXP,x 10 to the power of,INFDOSTOTXP,,Text,cl_INFDOSXP1,cl_INFDOSXP1,,
2,ECVS,No,ig_ECVS1,Subject Information,ig_ECVS1,,ECVS_LABEL2,Select +New Row (bottom left) to record each vital sign assessment on the day of the infusion.,ECVS_LABEL2,,Text,,,,
2,ECVS,No,ig_ECVS1,Subject Information,ig_ECVS1,,ECVSPERF,Were infusion vital signs performed?,ECVSPERF,,Text,cl_YN1,cl_YN1,,
2,ECVS,No,ig_ECVS1,Subject Information,ig_ECVS1,,ECVS_LABEL1,The purpose of this CRF is to capture all protocol-required vital sign assessments performed on the day of the infusion. Entry of additional post-infusion vital sign assessments may be required by the Safety Team.,ECVS_LABEL1,,Text,,,,
2,ECVS,No,ig_ECVS2,Infusion Vital Signs,ig_ECVS2,,TEMP,Temperature,TEMP,,Float,,,mu_HUPTEMPERATURE,mu_HUPTEMPERATURE
2,ECVS,No,ig_ECVS2,Infusion Vital Signs,ig_ECVS2,,PULSE,Pulse (bmp),PULSE,,Integer,,,,
2,ECVS,No,ig_ECVS2,Infusion Vital Signs,ig_ECVS2,,ECVSTPT,Time Point,ECVSTPT,,Text,cl_ECVSTPT1,cl_ECVSTPT1,,
2,ECVS,No,ig_ECVS2,Infusion Vital Signs,ig_ECVS2,,DIABP,Diastolic Blood Pressure (mmHg),DIABP,,Integer,,,,
2,ECVS,No,ig_ECVS2,Infusion Vital Signs,ig_ECVS2,,PEPOX,Oxygen saturation by pulse oximetry (%),PEPOX,,Integer,,,,
2,ECVS,No,ig_ECVS2,Infusion Vital Signs,ig_ECVS2,,ECVSTM,Time (24 hour hh:mm),ECVSTM,,Time,,,,
2,ECVS,No,ig_ECVS2,Infusion Vital Signs,ig_ECVS2,,RESP,Respiration Rate (Respirations/Minute),RESP,,Integer,,,,
2,ECVS,No,ig_ECVS2,Infusion Vital Signs,ig_ECVS2,,SYSBP,Systolic Blood Pressure (mmHg),SYSBP,,Integer,,,,
2,PTF,No,ig_PTF2,Transfusion Support,ig_PTF2,,RBCYN,RBCs,RBCYN,,Text,cl_YN1,cl_YN1,,
2,PTF,No,ig_PTF2,Transfusion Support,ig_PTF2,,RBCTOTU,Total Number of RBC Units,RBCTOTU,,Integer,,,,
2,PTF,No,ig_PTF2,Transfusion Support,ig_PTF2,,PLTTOTU,Total Number of Platelet Units,PLTTOTU,,Integer,,,,
2,PTF,No,ig_PTF2,Transfusion Support,ig_PTF2,,PLTYN,Platelets,PLTYN,,Text,cl_YN1,cl_YN1,,
2,PTF,No,ig_PTF1,Pre-Treatment Transfusion History,ig_PTF1,,STUDYPHSPRE,Study Phase,STUDYPHSPRE,,Text,cl_STUDYPHSPRE1,cl_STUDYPHSPRE1,,
2,PTF,No,ig_PTF1,Pre-Treatment Transfusion History,ig_PTF1,,EVALSTDAT,Evaluation Start Date,EVALSTDAT,,Date,,,,
2,PTF,No,ig_PTF1,Pre-Treatment Transfusion History,ig_PTF1,,PTFYN,Did the subject require transfusion support?,PTFYN,,Text,cl_YN1,cl_YN1,,
2,PTF,No,ig_PTF1,Pre-Treatment Transfusion History,ig_PTF1,,EVALENDDAT,Evaluation End Date,EVALENDDAT,,Date,,,,
2,PTF,No,ig_PTF1,Pre-Treatment Transfusion History,ig_PTF1,,PTF_LABEL1,"Please capture the Subject’s transfusion history for the 56 day (8 week) time period prior to the Day 0 or Day 0-R infusion. If a transfusion occurs during Primary Follow-Up and falls within 56 Days of Day 0-R, it will be reported on both the Transfusion CRF and the Pre-Treatment Transfusion History CRF. All transfusion data beginning on Day 0 or Day 0-R will be captured on the Transfusion CRF.",PTF_LABEL1,,Text,,,,
2,TIBX,No,ig_TIBX1,Tissue Biopsy,ig_TIBX1,,TIBXRES,Biopsy Result,TIBXRES,,Text,cl_TIBXRES1,cl_TIBXRES1,,
2,TIBX,No,ig_TIBX1,Tissue Biopsy,ig_TIBX1,,TIBX_LABEL3,Please ensure Tissue Biopsy data is also captured under the Research Specimen Collection CRF.,TIBX_LABEL3,,Text,,,,
2,TIBX,No,ig_TIBX1,Tissue Biopsy,ig_TIBX1,,IMGTPTDY,"For Unscheduled Time Point, Specify Day #",IMGTPTDY,,Text,,,,
2,TIBX,No,ig_TIBX1,Tissue Biopsy,ig_TIBX1,,TIBXRESOTH,Specify Other Biopsy Result,TIBXRESOTH,,Text,,,,
2,TIBX,No,ig_TIBX1,Tissue Biopsy,ig_TIBX1,,STUDYPHS3,Study Phase,STUDYPHS3,,Text,cl_STUDYPHS1,cl_STUDYPHS1,,
2,TIBX,No,ig_TIBX1,Tissue Biopsy,ig_TIBX1,,BXTYP,Biopsy Type,BXTYP,,Text,cl_BXTYP1,cl_BXTYP1,,
2,TIBX,No,ig_TIBX1,Tissue Biopsy,ig_TIBX1,,BXLOCOTH,Specify Other Biopsy Location,BXLOCOTH,,Text,,,,
2,TIBX,No,ig_TIBX1,Tissue Biopsy,ig_TIBX1,,TIBX_LABEL2,"If multiple lymph nodes are biopsied at the same time with differing results (e.g. if some are malignant and others are not), please create multiple CRFs from unscheduled event. Select the appropriate response for “Biopsy Result” on each form.",TIBX_LABEL2,,Text,,,,
2,TIBX,No,ig_TIBX1,Tissue Biopsy,ig_TIBX1,,TIBXDAT,Date of Biopsy,TIBXDAT,,Date,,,,
2,TIBX,No,ig_TIBX1,Tissue Biopsy,ig_TIBX1,,TIBXPERF,Was a tissue biopsy performed?,TIBXPERF,,Text,cl_YNUNS1,cl_YNUNS1,,
2,TIBX,No,ig_TIBX1,Tissue Biopsy,ig_TIBX1,,BXLOC,Biopsy Location,BXLOC,,Text,cl_BXLOC1,cl_BXLOC1,,
2,TIBX,No,ig_TIBX1,Tissue Biopsy,ig_TIBX1,,BXTYPOTH,Specify Other Biopsy Type,BXTYPOTH,,Text,,,,
2,TIBX,No,ig_TIBX2,Lymph Nodes Biopsied,ig_TIBX2,,LNBSITE6,Hilar Lymph Nodes,LNBSITE6,,Boolean,,,,
2,TIBX,No,ig_TIBX2,Lymph Nodes Biopsied,ig_TIBX2,,LNBSITE10,Mesenteric Lymph Nodes,LNBSITE10,,Boolean,,,,
2,TIBX,No,ig_TIBX2,Lymph Nodes Biopsied,ig_TIBX2,,LNBSITEOTH,Specify Other Lymph Nodes Biopsied,LNBSITEOTH,,Text,,,,
2,TIBX,No,ig_TIBX2,Lymph Nodes Biopsied,ig_TIBX2,,LNBSITE9,Pelvic Lymph Nodes,LNBSITE9,,Boolean,,,,
2,TIBX,No,ig_TIBX2,Lymph Nodes Biopsied,ig_TIBX2,,LNBSITE4,Mediastinal Lymph Nodes,LNBSITE4,,Boolean,,,,
2,TIBX,No,ig_TIBX2,Lymph Nodes Biopsied,ig_TIBX2,,LNBSITE2,Supraclavicular Lymph Nodes,LNBSITE2,,Boolean,,,,
2,TIBX,No,ig_TIBX2,Lymph Nodes Biopsied,ig_TIBX2,,LNBSITE1,Cervical Lymph Nodes,LNBSITE,,Boolean,,,,
2,TIBX,No,ig_TIBX2,Lymph Nodes Biopsied,ig_TIBX2,,TIBX_LABEL1,Please check all the lymph nodes that were biopsied.,TIBX_LABEL1,,Text,,,,
2,TIBX,No,ig_TIBX2,Lymph Nodes Biopsied,ig_TIBX2,,LNBSITE3,Axillary Lymph Nodes,LNBSITE3,,Boolean,,,,
2,TIBX,No,ig_TIBX2,Lymph Nodes Biopsied,ig_TIBX2,,LNBSITE8,Iliac Lymph Nodes,LNBSITE8,,Boolean,,,,
2,TIBX,No,ig_TIBX2,Lymph Nodes Biopsied,ig_TIBX2,,LNBSITE7,Inguinal Lymph Node,LNBSITE7,,Boolean,,,,
2,TIBX,No,ig_TIBX2,Lymph Nodes Biopsied,ig_TIBX2,,LNBSITE11,Other Lymph Nodes,LNBSITE11,,Boolean,,,,
2,TIBX,No,ig_TIBX2,Lymph Nodes Biopsied,ig_TIBX2,,LNBSITE5,Para-aortic Lymph Nodes,LNBSITE5,,Boolean,,,,
2,CDEXP,No,ig_CDEXP1,CD19 Expression,ig_CDEXP1,,CDEXPSAMTYP,Sample Type,CDEXPSAMTYP,,Text,cl_CDEXPSAMTYP1,cl_CDEXPSAMTYP1,,
2,CDEXP,No,ig_CDEXP1,CD19 Expression,ig_CDEXP1,,CDEXPMETHODOTH,Specify Other Methodology,CDEXPMETHODOTH,,Text,,,,
2,CDEXP,No,ig_CDEXP1,CD19 Expression,ig_CDEXP1,,CDEXPSAMTYPOTH,Specify Other Sample Type,CDEXPSAMTYPOTH,,Text,,,,
2,CDEXP,No,ig_CDEXP1,CD19 Expression,ig_CDEXP1,,CDEXPRESULT,CD19 Expression Result,CDEXPRESULT,,Text,cl_POSNEG1,cl_POSNEG1,,
2,CDEXP,No,ig_CDEXP1,CD19 Expression,ig_CDEXP1,,LBNAM,Laboratory Name,LBNAM,LBNAM,Text,cl_LBNAME1,cl_LBNAME1,,
2,CDEXP,No,ig_CDEXP1,CD19 Expression,ig_CDEXP1,,LBDAT,Collection Date,LBDAT,LBDTC,Date,,,,
2,CDEXP,No,ig_CDEXP1,CD19 Expression,ig_CDEXP1,,LBNAMOTH,Specify Other Laboratory,LBNAMOTH,LBNAMOTH,Text,,,,
2,CDEXP,No,ig_CDEXP1,CD19 Expression,ig_CDEXP1,,CDEXPPERF,Was CD19 Expression test performed?,CDEXPPERF,,Text,cl_YN1,cl_YN1,,
2,CDEXP,No,ig_CDEXP1,CD19 Expression,ig_CDEXP1,,CDEXPMETHOD,What methodology was used for test?,CDEXPMETHOD,,Text,cl_CDEXPMETHOD1,cl_CDEXPMETHOD1,,
2,HW,No,ig_HW1,Subject Information,ig_HW1,,HWPERF,Were height and/or weight measured?,HWPERF,,Text,cl_HW1,cl_HW1,,
2,HW,No,ig_hw3,Weight,ig_hw3,,WTDAT,Date of Weight,WTDAT,,Date,,,,
2,HW,No,ig_hw3,Weight,ig_hw3,,WEIGHT,Weight,WEIGHT,,Float,,,mu_HUPWEIGHT,mu_HUPWEIGHT
2,HW,No,ig_HW2,Height,ig_HW2,,HTDAT,Date of Height,HTDAT,,Date,,,,
2,HW,No,ig_HW2,Height,ig_HW2,,HEIGHT,Height,HEIGHT,,Float,,,mu_HUPHEIGHT,mu_HUPHEIGHT
2,PRXRAY,No,ig_PRXRAY1,Chest X-Ray,ig_PRXRAY1,,PRXRAYDAT,Date of Chest X-ray,PRXRAYDAT,,Date,,,,
2,PRXRAY,No,ig_PRXRAY1,Chest X-Ray,ig_PRXRAY1,,PRXRAYINTP,Chest X-ray Interpretation,PRXRAYINTP,,Text,cl_TOTINTP1,cl_TOTINTP1,,
2,PRXRAY,No,ig_PRXRAY1,Chest X-Ray,ig_PRXRAY1,,PRXRAYPERF,Was a chest x-ray performed per protocol?,PRXRAYPERF,,Text,cl_YN1,cl_YN1,,
2,PRCNSEVL,No,ig_PRCNSEVL1,CNS Evaluation,ig_PRCNSEVL1,,PRCNSORRES,CNS Symptoms Present?,PRCNSORRES,,Text,cl_YN1,cl_YN1,,
2,PRCNSEVL,No,ig_PRCNSEVL1,CNS Evaluation,ig_PRCNSEVL1,,PRCNSPERF,Was a CNS Evaluation performed?,PRCNSPERF,,Text,cl_YN1,cl_YN1,,
2,PRCNSEVL,No,ig_PRCNSEVL3,CSF Evaluation,ig_PRCNSEVL3,,LBNAM,Laboratory Name,LBNAM,LBNAM,Text,cl_LBNAME1,cl_LBNAME1,,
2,PRCNSEVL,No,ig_PRCNSEVL3,CSF Evaluation,ig_PRCNSEVL3,,PRLPPERF,Was a Lumbar Puncture performed?,PRLPPERF,,Text,cl_YN1,cl_YN1,,
2,PRCNSEVL,No,ig_PRCNSEVL3,CSF Evaluation,ig_PRCNSEVL3,,LBDAT,Collection Date,LBDAT,LBDTC,Date,,,,
2,PRCNSEVL,No,ig_PRCNSEVL3,CSF Evaluation,ig_PRCNSEVL3,,LBNAMOTH,Specify Other Laboratory,LBNAMOTH,LBNAMOTH,Text,,,,
2,PRCNSEVL,No,ig_PRCNSEVL3,CSF Evaluation,ig_PRCNSEVL3,,LEUKINVLV,Lymphoma or CLL involvement?,LEUKINVLV,,Text,cl_YNINC1,cl_YNINC1,,
2,PRCNSEVL,No,ig_PRCNSEVL2,Brain Imaging,ig_PRCNSEVL2,,PRBIIMGTYP,Type of Imaging,PRBIIMGTYP,,Text,cl_PRBIIMGTYP1,cl_PRBIIMGTYP1,,
2,PRCNSEVL,No,ig_PRCNSEVL2,Brain Imaging,ig_PRCNSEVL2,,IMGDAT,Imaging Date,IMGDAT,,Date,,,,
2,PRCNSEVL,No,ig_PRCNSEVL2,Brain Imaging,ig_PRCNSEVL2,,PRBIRESOTH,Specify Other Brain Imaging Results,PRBIRESOTH,,Text,,,,
2,PRCNSEVL,No,ig_PRCNSEVL2,Brain Imaging,ig_PRCNSEVL2,,PRBIRES,Brain Imaging Results,PRBIRES,,Text,cl_PRBIRES1,cl_PRBIRES1,,
2,PRCNSEVL,No,ig_PRCNSEVL2,Brain Imaging,ig_PRCNSEVL2,,PRBIIMGTYPOTH,Specify Other Type of Imaging,PRBIIMGTYPOTH,,Text,,,,
2,PRCNSEVL,No,ig_PRCNSEVL2,Brain Imaging,ig_PRCNSEVL2,,PRBIPERF,Was Brain Imaging performed?,PRBIPERF,,Text,cl_YN1,cl_YN1,,
2,PRCNSEVL,No,ig_PRCNSEVL2,Brain Imaging,ig_PRCNSEVL2,,PRIVDYE,Was IV Contrast Dye used?,PRIVDYE,,Text,cl_YN1,cl_YN1,,
2,RPPREG,No,ig_RPPREG1,Pregnancy Test,ig_RPPREG1,,RPPERF,Was the pregnancy test performed?,RPPERF,,Text,cl_RPPERF1,cl_RPPERF1,,
2,RPPREG,No,ig_RPPREG1,Pregnancy Test,ig_RPPREG1,,RPTEST,Pregnancy Test Type,RPTEST,,Text,cl_PREGTSTTYP1,cl_PREGTSTTYP1,,
2,RPPREG,No,ig_RPPREG1,Pregnancy Test,ig_RPPREG1,,RPORRES, Pregnancy Test Result,RPORRES,,Text,cl_POSNEG1,cl_POSNEG1,,
2,RPPREG,No,ig_RPPREG1,Pregnancy Test,ig_RPPREG1,,RPPREG_LABEL1,Complete an Adverse Event Form if the pregnancy test result is positive.,RPPREG_LABEL1,,Text,,,,
2,RPPREG,No,ig_RPPREG1,Pregnancy Test,ig_RPPREG1,,LBNAM,Laboratory Name,LBNAM,LBNAM,Text,cl_LBNAME1,cl_LBNAME1,,
2,RPPREG,No,ig_RPPREG1,Pregnancy Test,ig_RPPREG1,,LBDAT,Collection Date,LBDAT,LBDTC,Date,,,,
2,RPPREG,No,ig_RPPREG1,Pregnancy Test,ig_RPPREG1,,LBNAMOTH,Specify Other Laboratory,LBNAMOTH,LBNAMOTH,Text,,,,
2,EM,No,ig_EM1,Subject Information,ig_EM1,,EMPERF,Which test was performed?,EMPERF,,Text,cl_ECHOMUGA1,cl_ECHOMUGA1,,
2,EM,No,ig_EM3,Multi Gated Acquisition Scan,ig_EM3,,MUGADAT,Date of MUGA,MUGADAT,,Date,,,,
2,EM,No,ig_EM3,Multi Gated Acquisition Scan,ig_EM3,,MUGALVEF,Left Ventricular Ejection Fraction (LVEF) %,MUGALVEF,,Float,,,,
2,EM,No,ig_EM2,Echocardiogram,ig_EM2,,ECHODAT,Date of ECHO,ECHODAT,,Date,,,,
2,EM,No,ig_EM2,Echocardiogram,ig_EM2,,ECHOLEVF,Left Ventricular Ejection Fraction (LVEF) %,ECHOLEVF,,Float,,,,
2,IE,No,ig_IE1,Consent,ig_IE1,,SIGNMAINC,Did subject sign the consent form?,SIGNMAINC,,Text,cl_YN1,cl_YN1,,
2,IE,No,ig_IE1,Consent,ig_IE1,,MAINCDAT,Consent Date,MAINCDAT,,Date,,,,
2,IE,No,ig_IE2,Protocol Version,ig_IE2,,RFICPV,Protocol Version Number,RFICPV,,Text,cl_IEPRTCL1,cl_IEPRTCL1,,
2,IE,No,ig_IE3,Eligibility Determination,ig_IE3,,IE_LABEL1, Data from any testing performed/used to evaluate eligibility must be reported on the appropriate CRF.,IE_LABEL1,,Text,,,,
2,IE,No,ig_IE3,Eligibility Determination,ig_IE3,,IEYN,Subject meets all study eligibility,IEYN,,Text,cl_YN1,cl_YN1,,
2,IE,No,ig_IE5,Eligibility Confirmation,ig_IE5,,ELIGMONDAT,Date of completion of monitoring visit for eligibility,ELIGMONDAT,,Date,,,,
2,IE,No,ig_IE5,Eligibility Confirmation,ig_IE5,,ELIGPIDAT,Date of eligibility confirmation by physician-investigator,ELIGPIDAT,,Date,,,,
2,IE,No,ig_IE4,Screen Failure Reason,ig_IE4,,OTHRSFREAS,Other Screen Fail Reason,OTHRSFREAS,,Text,,,,
2,IE,No,ig_IE4,Screen Failure Reason,ig_IE4,,IECAT,Screen Failure Reason,IECAT,,Text,cl_IEREASSF1,cl_IEREASSF1,,
2,IE,No,ig_IE4,Screen Failure Reason,ig_IE4,,IE_LABEL2," If a subject fails eligibility as a result of multiple reasons, the most substantive cause should be reported, as confirmed by the physician-investigator.",IE_LABEL2,,Text,,,,
2,IE,No,ig_IE4,Screen Failure Reason,ig_IE4,,IE_LABEL3," If a subject withdraws consent during screening, the inclusion criterion specific to written informed consent should always be cited as the primary screen failure reason.",IE_LABEL3,,Text,,,,
2,IE,No,ig_IE4,Screen Failure Reason,ig_IE4,,ETESTCD,Select the primary exclusion criterion excluding this subject,ETESTCD,,Text,cl_IEEXCL1,cl_IEEXCL1,,
2,IE,No,ig_IE4,Screen Failure Reason,ig_IE4,,ITESTCD,Select the primary inclusion criterion excluding this subject ,ITESTCD,,Text,cl_IEINCL1,cl_IEINCL1,,
2,VIRS,No,ig_LBVIR1,Viral Serology,ig_LBVIR1,,LBNAM,Laboratory Name,LBNAM,LBNAM,Text,cl_LBNAME1,cl_LBNAME1,,
2,VIRS,No,ig_LBVIR1,Viral Serology,ig_LBVIR1,,LBVIRPERF,Was Viral Serology Performed?,LBVIRPERF,,Text,cl_YN1,cl_YN1,,
2,VIRS,No,ig_LBVIR1,Viral Serology,ig_LBVIR1,,LBNAMOTH,Specify Other Laboratory,LBNAMOTH,LBNAMOTH,Text,,,,
2,VIRS,No,ig_LBVIR1,Viral Serology,ig_LBVIR1,,LB_LABEL1,Lab results should not be entered prior to documentation of Physician-Investigator assessment.,LB_LABEL1,,Text,,,,
2,VIRS,No,ig_LBVIR2,HBV,ig_LBVIR2,,HBVCORELBDAT,Collection Date,HBVCORELBDAT,LBDTC,Date,,,,
2,VIRS,No,ig_LBVIR2,HBV,ig_LBVIR2,,HBVSFABORRES,HBV Surface Antibody,HBVSFABORRES,,Text,cl_LBVIRSHBVRSLT1,cl_LBVIRSHBVRSLT1,,
2,VIRS,No,ig_LBVIR2,HBV,ig_LBVIR2,,HBVSFAGLBDAT,Collection Date,HBVSFAGLBDAT,LBDTC,Date,,,,
2,VIRS,No,ig_LBVIR2,HBV,ig_LBVIR2,,HBVRNAPCR,"If HBV Core Antibody is positive, enter HBV-RNA by any PCR or bDNA assay",HBVRNAPCR,,Text,,,,
2,VIRS,No,ig_LBVIR2,HBV,ig_LBVIR2,,HBVCOREORRES,HBV Core Antibody,HBVCOREORRES,,Text,cl_LBVIRSHBVRSLT1,cl_LBVIRSHBVRSLT1,,
2,VIRS,No,ig_LBVIR2,HBV,ig_LBVIR2,,HBVSFAGORRES,HBV Surface Antigen,HBVSFAGORRES,,Text,cl_LBVIRSHBVRSLT1,cl_LBVIRSHBVRSLT1,,
2,VIRS,No,ig_LBVIR2,HBV,ig_LBVIR2,,HBVSFABLBDAT,Collection Date,HBVSFABLBDAT,LBDTC,Date,,,,
2,VIRS,No,ig_LBVIR4,HIV,ig_LBVIR4,,HIVORRES,HIV,HIVORRES,,Text,cl_LBVIRSHIVRSLT1,cl_LBVIRSHIVRSLT1,,
2,VIRS,No,ig_LBVIR4,HIV,ig_LBVIR4,,LBDAT,Collection Date,LBDAT,LBDTC,Date,,,,
2,VIRS,No,ig_LBVIR3,HCV Antibody,ig_LBVIR3,,HCVORRES,HCV Antibody,hcv_antibody,,Text,cl_LBVIRSHBVRSLT1,cl_LBVIRSHBVRSLT1,,
2,VIRS,No,ig_LBVIR3,HCV Antibody,ig_LBVIR3,,HCVRNAPCR,"If Anti-HCV is positive, enter HCV-RNA by any PCR or bDNA assay",HCVRNAPCR,,Text,,,,
2,VIRS,No,ig_LBVIR3,HCV Antibody,ig_LBVIR3,,LBDAT,Collection Date,LBDAT,LBDTC,Date,,,,
2,APH,No,ig_APH1,Apheresis,ig_APH1,,APH_LABEL1,Complete one Apheresis CRF for each collection.,APH_LABEL1,,Text,,,,
2,APH,No,ig_APH1,Apheresis,ig_APH1,,APHDAT,Apheresis Date,APHDAT,,Date,,,,
2,APH,No,ig_APH1,Apheresis,ig_APH1,,APHCAT,Apheresis Type,APHCAT,,Text,cl_APHTP1,cl_APHTP1,,
2,EXCHMO,No,ig_EXCHMO2,Administration,ig_EXCHMO2,,SPEXDOSUTOT,Specify Other Unit-Total Dose Administered,SPEXDOSUTOT,,Text,,,,
2,EXCHMO,No,ig_EXCHMO2,Administration,ig_EXCHMO2,,EXDOSE,Dose Administered/Day,EXDOSE,,Float,,,,
2,EXCHMO,No,ig_EXCHMO2,Administration,ig_EXCHMO2,,SPEXDOSU,Specify Other Unit Dose Administered/Day,SPEXDOSU,,Text,,,,
2,EXCHMO,No,ig_EXCHMO2,Administration,ig_EXCHMO2,,EXCROUTE,Route,EXCROUTE,,Text,cl_EXCROUTE1,cl_EXCROUTE1,,
2,EXCHMO,No,ig_EXCHMO2,Administration,ig_EXCHMO2,,EXSTDAT,Start Date,EXSTDAT,,Date,,,,
2,EXCHMO,No,ig_EXCHMO2,Administration,ig_EXCHMO2,,EXSROUTE,Specify Other Route,EXSROUTE,,Text,,,,
2,EXCHMO,No,ig_EXCHMO2,Administration,ig_EXCHMO2,,EXSCAT,Specify Other Medication,EXSCAT,,Text,,,,
2,EXCHMO,No,ig_EXCHMO2,Administration,ig_EXCHMO2,,EXDOSUTOT,Unit-Total Dose Administered,EXDOSUTOT,,Text,cl_EXDOSU,cl_EXDOSU,,
2,EXCHMO,No,ig_EXCHMO2,Administration,ig_EXCHMO2,,EXENDAT,End Date,EXENDAT,,Date,,,,
2,EXCHMO,No,ig_EXCHMO2,Administration,ig_EXCHMO2,,EXCCAT,Medication,EXCCAT,,Text,cl_EXCCAT1,cl_EXCCAT1,,
2,EXCHMO,No,ig_EXCHMO2,Administration,ig_EXCHMO2,,EXDOSTOT,Total Dose Administered,EXDOSTOT,,Float,,,,
2,EXCHMO,No,ig_EXCHMO2,Administration,ig_EXCHMO2,,EXDOSU,Unit-Dose Administered/Day,EXDOSU,,Text,cl_EXDOSU,cl_EXDOSU,,
2,EXCHMO,No,ig_EXCHMO1,Subject Information,ig_EXCHMO1,,EX_LABEL2,Use this CRF to capture lymphodepleting chemotherapy administered per protocol requirements prior to the Subject’s CAR T cell infusion only. ,EX_LABEL2,,Text,,,,
2,EXCHMO,No,ig_EXCHMO1,Subject Information,ig_EXCHMO1,,EXCPERF,Was lymphodepleting chemotherapy administered?,EXCPERF,,Text,cl_YN1,cl_YN1,,
2,EXCHMO,No,ig_EXCHMO1,Subject Information,ig_EXCHMO1,,EX_LABEL1,Select +New Section (bottom left) to record each medication administered.,EX_LABEL1,,Text,,,,
2,AE,No,ig_AE3,Adverse Events of Special Interest (AESI),ig_AE3,,AESIGRCHG4,AESI Grade Change,AESIGRCHG4,,Text,cl_YN1,cl_YN1,,
2,AE,No,ig_AE3,Adverse Events of Special Interest (AESI),ig_AE3,,AESIGRCHG6,AESI Grade Change,AESIGRCHG6,,Text,cl_YN1,cl_YN1,,
2,AE,No,ig_AE3,Adverse Events of Special Interest (AESI),ig_AE3,,AESISTDAT6,AESI Start Date,AESISTDAT6,,Date,,,,
2,AE,No,ig_AE3,Adverse Events of Special Interest (AESI),ig_AE3,,AESIGRCHG3,AESI Grade Change,AESIGRCHG3,,Text,cl_YN1,cl_YN1,,
2,AE,No,ig_AE3,Adverse Events of Special Interest (AESI),ig_AE3,,AESIGR8,AESI Grade,AESIGR8,,Text,cl_AEGRADE1,cl_AEGRADE1,,
2,AE,No,ig_AE3,Adverse Events of Special Interest (AESI),ig_AE3,,AESIGRCHG1,AESI Grade Change,AESIGRCHG1,,Text,cl_YN1,cl_YN1,,
2,AE,No,ig_AE3,Adverse Events of Special Interest (AESI),ig_AE3,,AESISTDAT3,AESI Start Date,AESISTDAT3,,Date,,,,
2,AE,No,ig_AE3,Adverse Events of Special Interest (AESI),ig_AE3,,AESIENDAT3,AESI Stop Date,AESIENDAT3,,Date,,,,
2,AE,No,ig_AE3,Adverse Events of Special Interest (AESI),ig_AE3,,AESIGR6,AESI Grade,AESIGR6,,Text,cl_AEGRADE1,cl_AEGRADE1,,
2,AE,No,ig_AE3,Adverse Events of Special Interest (AESI),ig_AE3,,AESIENDAT6,AESI Stop Date,AESIENDAT6,,Date,,,,
2,AE,No,ig_AE3,Adverse Events of Special Interest (AESI),ig_AE3,,AESISTDAT2,AESI Start Date,AESISTDAT2,,Date,,,,
2,AE,No,ig_AE3,Adverse Events of Special Interest (AESI),ig_AE3,,AESIENDAT8,AESI Stop Date,AESIENDAT8,,Date,,,,
2,AE,No,ig_AE3,Adverse Events of Special Interest (AESI),ig_AE3,,AESIENDAT2,AESI Stop Date,AESIENDAT2,,Date,,,,
2,AE,No,ig_AE3,Adverse Events of Special Interest (AESI),ig_AE3,,AESISTDAT8,AESI Start Date,AESISTDAT8,,Date,,,,
2,AE,No,ig_AE3,Adverse Events of Special Interest (AESI),ig_AE3,,AESIGRCHG5,AESI Grade Change,AESIGRCHG5,,Text,cl_YN1,cl_YN1,,
2,AE,No,ig_AE3,Adverse Events of Special Interest (AESI),ig_AE3,,AESIENDAT7,AESI Stop Date,AESIENDAT7,,Date,,,,
2,AE,No,ig_AE3,Adverse Events of Special Interest (AESI),ig_AE3,,AESISTDAT4,AESI Start Date,AESISTDAT4,,Date,,,,
2,AE,No,ig_AE3,Adverse Events of Special Interest (AESI),ig_AE3,,AESISTDAT7,AESI Start Date,AESISTDAT7,,Date,,,,
2,AE,No,ig_AE3,Adverse Events of Special Interest (AESI),ig_AE3,,AESIGR2,AESI Grade,AESIGR2,,Text,cl_AEGRADE1,cl_AEGRADE1,,
2,AE,No,ig_AE3,Adverse Events of Special Interest (AESI),ig_AE3,,AESIGR4,AESI Grade,AESIGR4,,Text,cl_AEGRADE1,cl_AEGRADE1,,
2,AE,No,ig_AE3,Adverse Events of Special Interest (AESI),ig_AE3,,AESIGRCHG2,AESI Grade Change,AESIGRCHG2,,Text,cl_YN1,cl_YN1,,
2,AE,No,ig_AE3,Adverse Events of Special Interest (AESI),ig_AE3,,AESIGR1,AESI Grade,AESIGR1,,Text,cl_AEGRADE1,cl_AEGRADE1,,
2,AE,No,ig_AE3,Adverse Events of Special Interest (AESI),ig_AE3,,AESIENDAT4,AESI Stop Date,AESIENDAT4,,Date,,,,
2,AE,No,ig_AE3,Adverse Events of Special Interest (AESI),ig_AE3,,AESIENDAT5,AESI Stop Date,AESIENDAT5,,Date,,,,
2,AE,No,ig_AE3,Adverse Events of Special Interest (AESI),ig_AE3,,AESIGR3,AESI Grade,AESIGR3,,Text,cl_AEGRADE1,cl_AEGRADE1,,
2,AE,No,ig_AE3,Adverse Events of Special Interest (AESI),ig_AE3,,AESIGRCHG7,AESI Grade Change,AESIGRCHG7,,Text,cl_YN1,cl_YN1,,
2,AE,No,ig_AE3,Adverse Events of Special Interest (AESI),ig_AE3,,AESIGR5,AESI Grade,AESIGR5,,Text,cl_AEGRADE1,cl_AEGRADE1,,
2,AE,No,ig_AE3,Adverse Events of Special Interest (AESI),ig_AE3,,AESISTDAT1,AESI Start Date,AESISTDAT1,,Date,,,,
2,AE,No,ig_AE3,Adverse Events of Special Interest (AESI),ig_AE3,,AESIENDAT1,AESI Stop Date,AESIENDAT1,,Date,,,,
2,AE,No,ig_AE3,Adverse Events of Special Interest (AESI),ig_AE3,,AESIGR7,AESI Grade,AESIGR7,,Text,cl_AEGRADE1,cl_AEGRADE1,,
2,AE,No,ig_AE3,Adverse Events of Special Interest (AESI),ig_AE3,,AESISTDAT5,AESI Start Date,AESISTDAT5,,Date,,,,
2,AE,No,ig_AE3,Adverse Events of Special Interest (AESI),ig_AE3,,AESIGRCHG8,AESI Grade Change,AESIGRCHG8,,Text,cl_YN1,cl_YN1,,
2,AE,No,ig_AE2,Serious Adverse Event,ig_AE2,,AESEV,AE or SAE?,AESEV,,Text,cl_AESAE1,cl_AESAE1,,
2,AE,No,ig_AE2,Serious Adverse Event,ig_AE2,,AESI,Was this an AE of special interest with multiple changes in grades?,AESI,,Text,cl_YN1,cl_YN1,,
2,AE,No,ig_AE2,Serious Adverse Event,ig_AE2,,AESER,Seriousness as listed on the SAE form,AESER,,Text,cl_AESER1,cl_AESER1,,
2,AE,No,ig_AE2,Serious Adverse Event,ig_AE2,,AESAESTDAT,Date the event became an SAE,AESAESTDAT,,Date,,,,
2,AE,No,ig_AE1,Adverse Event,ig_AE1,,AERELSPOTH,Specify Other Attribution,AERELSPOTH,,Text,,,,
2,AE,No,ig_AE1,Adverse Event,ig_AE1,,AEENDAT,Stop Date,AEENDAT,,Date,,,,
2,AE,No,ig_AE1,Adverse Event,ig_AE1,,AEACN,Action Taken,AEACN,,Text,cl_AEACN1,cl_AEACN1,,
2,AE,No,ig_AE1,Adverse Event,ig_AE1,,AE_LABEL6,Please ensure that the date of death has been entered on the End of Study CRF appropriately.,AE_LABEL6,,Text,,,,
2,AE,No,ig_AE1,Adverse Event,ig_AE1,,AEREL,T-cell Attribution,AEREL,,Text,cl_AETCELLATTRIB1,cl_AETCELLATTRIB1,,
2,AE,No,ig_AE1,Adverse Event,ig_AE1,,AESTDAT,Start Date,AESTDAT,,Date,,,,
2,AE,No,ig_AE1,Adverse Event,ig_AE1,,AERELOTH,Other Attribution,AERELOTH,,Text,cl_AEOTHRATTRIB1,cl_AEOTHRATTRIB1,,
2,AE,No,ig_AE1,Adverse Event,ig_AE1,,AE_LABEL4,Action Taken will be evaluated with respect to study treatment only. ,AE_LABEL4,,Text,,,,
2,AE,No,ig_AE1,Adverse Event,ig_AE1,,AETOX,Toxicity,AETOX,,Text,,,,
2,AE,No,ig_AE1,Adverse Event,ig_AE1,,AEONSET,Event Onset,AEONSET,,Text,cl_AEEVENTONSET1,cl_AEEVENTONSET1,,
2,AE,No,ig_AE1,Adverse Event,ig_AE1,,AETRTINTP,T-cell Expectedness,AETRTINTP,,Text,cl_YN1,cl_YN1,,
2,AE,No,ig_AE1,Adverse Event,ig_AE1,,AECAT,CTCAE Category,AECAT,,Text,cl_CTCAECAT1,cl_CTCAECAT1,,
2,AE,No,ig_AE1,Adverse Event,ig_AE1,,AETRTINTPOTH,Other Expectedness,AETRTINTPOTH,,Text,cl_YN1,cl_YN1,,
2,AE,No,ig_AE1,Adverse Event,ig_AE1,,AE_LABEL5,Please refer to the CCGs for more comprehensive instructions.,AE_LABEL5,,Text,,,,
2,AE,No,ig_AE1,Adverse Event,ig_AE1,,AETOXGR,Grade,AETOXGR,,Text,cl_AEGRADE1,cl_AEGRADE1,,
2,AE,No,ig_AE1,Adverse Event,ig_AE1,,AETOXTERM,Additional Toxicity Details,AETOXTERM,,Text,,,,
2,AE,No,ig_AE1,Adverse Event,ig_AE1,,AEONGO,Event Ongoing,AEONGO,,Text,cl_AEONGO1,cl_AEONGO1,,
2,CM,No,ig_CM,Concomitant Medication,ig_CM,,CMSTDAT,Start Date,CMSTDAT,,Date,,,,
2,CM,No,ig_CM,Concomitant Medication,ig_CM,,CMDSTXT,Dose,CMDSTXT,,Text,,,,
2,CM,No,ig_CM,Concomitant Medication,ig_CM,,CMTRT,Medication/Therapy,CMTRT,,Text,,,,
2,CM,No,ig_CM,Concomitant Medication,ig_CM,,CMDOSUOTH,Specify Other Unit,CMDOSUOTH,,Text,,,,
2,CM,No,ig_CM,Concomitant Medication,ig_CM,,CMONGO,Ongoing,CMONGO,,Text,cl_YN1,cl_YN1,,
2,CM,No,ig_CM,Concomitant Medication,ig_CM,,CM_LABEL1,Please ensure that the AE has been entered on the Adverse Event CRF appropriately.,CM_LABEL1,,Text,,,,
2,CM,No,ig_CM,Concomitant Medication,ig_CM,,STUDYPHS,Study Phase,STUDYPHS,,Text,cl_STUDYPHS1,cl_STUDYPHS1,,
2,CM,No,ig_CM,Concomitant Medication,ig_CM,,CMDOSFRQ,Frequency,CMDOSFRQ,,Text,cl_CMFREQ1,cl_CMFREQ1,,
2,CM,No,ig_CM,Concomitant Medication,ig_CM,,CMROUTEOTH,Specify Other Route,CMROUTEOTH,,Text,,,,
2,CM,No,ig_CM,Concomitant Medication,ig_CM,,CMINDC,Indication,CMINDC,,Text,,,,
2,CM,No,ig_CM,Concomitant Medication,ig_CM,,CM_LABEL2,ConMeds received prior to initiation of study treatment will be categorized as 'Primary Treatment' medications.,CM_LABEL2,,Text,,,,
2,CM,No,ig_CM,Concomitant Medication,ig_CM,,CMROUTE,Route,CMROUTE,,Text,cl_CMROUTE1,cl_CMROUTE1,,
2,CM,No,ig_CM,Concomitant Medication,ig_CM,,CMAEYN,Was this medication given for an AE?,CMAEYN,,Text,cl_YN1,cl_YN1,,
2,CM,No,ig_CM,Concomitant Medication,ig_CM,,CMENDAT,Stop Date,CMENDAT,,Date,,,,
2,CM,No,ig_CM,Concomitant Medication,ig_CM,,CMDOSU,Unit,CMDOSU,,Text,cl_CMUNIT1,cl_CMUNIT1,,
2,CM,No,ig_CM,Concomitant Medication,ig_CM,,CMFRQOTH,Specify Other Frequency,CMFRQOTH,,Text,,,,
2,CECRS,No,ig_CECRS8,Systemic Anti-cytokine Therapy,ig_CECRS8,,CETRTENTA,Entanercept,CETRTENTA,,Text,cl_YN1,cl_YN1,,
2,CECRS,No,ig_CECRS8,Systemic Anti-cytokine Therapy,ig_CECRS8,,CETRTSILT,Siltuximab,CETRTSILT,,Text,cl_YN1,cl_YN1,,
2,CECRS,No,ig_CECRS8,Systemic Anti-cytokine Therapy,ig_CECRS8,,CECRS_LABEL2,Reminder: Any anti-cytokine therapies administered must also be recorded on the Concomitant Medication CRF in parallel. ,CECRS_LABEL2,,Text,,,,
2,CECRS,No,ig_CECRS8,Systemic Anti-cytokine Therapy,ig_CECRS8,,CETRTANAK,Anakinra,CETRTANAK,,Text,cl_YN1,cl_YN1,,
2,CECRS,No,ig_CECRS8,Systemic Anti-cytokine Therapy,ig_CECRS8,,CETRTTOCI,Tocilizumab,CETRTTOCI,,Text,cl_YN1,cl_YN1,,
2,CECRS,No,ig_CECRS8,Systemic Anti-cytokine Therapy,ig_CECRS8,,CETRTOTH,Other anti-cytokine therapy,CETRTOTH,,Text,cl_YN1,cl_YN1,,
2,CECRS,No,ig_CECRS8,Systemic Anti-cytokine Therapy,ig_CECRS8,,CETRTCORT,Corticosteroids,CETRTCORT,,Text,cl_YN1,cl_YN1,,
2,CECRS,No,ig_CECRS8,Systemic Anti-cytokine Therapy,ig_CECRS8,,CETRTSPOTH,Specify other anti-cytokine therapy,CETRTSPOTH,,Text,,,,
2,CECRS,No,ig_CECRS8,Systemic Anti-cytokine Therapy,ig_CECRS8,,CETRTOCCUR,Was systemic anti-cytokine therapy given?,CETRTOCCUR,,Text,cl_YN1,cl_YN1,,
2,CECRS,No,ig_CECRS5,Subject Intubated and on Mechanical Ventilation,ig_CECRS5,,CEINTSTDAT,Intubation Start Date,CEINTSTDAT,,Date,,,,
2,CECRS,No,ig_CECRS5,Subject Intubated and on Mechanical Ventilation,ig_CECRS5,,CEINTYN,Was subject intubated and on mechanical ventilation?,CEINTYN,,Text,cl_YN1,cl_YN1,,
2,CECRS,No,ig_CECRS5,Subject Intubated and on Mechanical Ventilation,ig_CECRS5,,CEINTSTTM,Intubation Start Time,CEINTSTTM,,Time,,,,
2,CECRS,No,ig_CECRS5,Subject Intubated and on Mechanical Ventilation,ig_CECRS5,,CEINTENRF,Subject remains intubated and on mechanical ventilation at end of CRS?,CEINTENRF,,Text,cl_YNUNK1,cl_YNUNK1,,
2,CECRS,No,ig_CECRS5,Subject Intubated and on Mechanical Ventilation,ig_CECRS5,,CEINTENTM,Intubation Stop Time,CEINTENTM,,Time,,,,
2,CECRS,No,ig_CECRS5,Subject Intubated and on Mechanical Ventilation,ig_CECRS5,,CEINTMAXFIO,Maximum FIO2 (%),CEINTMAXFIO,,Integer,,,,
2,CECRS,No,ig_CECRS5,Subject Intubated and on Mechanical Ventilation,ig_CECRS5,,CEINTENDAT,Intubation Stop Date,CEINTENDAT,,Date,,,,
2,CECRS,No,ig_CECRS2,Onset of Fever,ig_CECRS2,,CEHFSTTM,Highest Fever Time,CEHFSTTM,,Time,,,,
2,CECRS,No,ig_CECRS2,Onset of Fever,ig_CECRS2,,CEFSTDAT,Fever Start Date,CEFSTDAT,,Date,,,,
2,CECRS,No,ig_CECRS2,Onset of Fever,ig_CECRS2,,CEFHFOCCUR,Does subject have onset of fever (>=38 C or 100.4 F)?,CEFHFOCCUR,,Text,cl_YN1,cl_YN1,,
2,CECRS,No,ig_CECRS2,Onset of Fever,ig_CECRS2,,CEFENDAT,Fever Stop Date,CEFENDAT,,Date,,,,
2,CECRS,No,ig_CECRS2,Onset of Fever,ig_CECRS2,,CEHFOCCUR,Highest Fever,CEHFOCCUR,,Float,,,mu_HUPTEMPERATURE,mu_HUPTEMPERATURE
2,CECRS,No,ig_CECRS2,Onset of Fever,ig_CECRS2,,CEFENTM,Fever Stop Time,CEFENTM,,Time,,,,
2,CECRS,No,ig_CECRS2,Onset of Fever,ig_CECRS2,,CEHFSTDAT,Highest Fever Date,CEHFSTDAT,,Date,,,,
2,CECRS,No,ig_CECRS2,Onset of Fever,ig_CECRS2,,CEFSTTM,Fever Start Time,CEFSTTM,,Time,,,,
2,CECRS,No,ig_CECRS9,Other Anti-T Cell Therapy,ig_CECRS9,,CETRTATOCCUR,Was the subject given other anti-T cell therapies?,CETRTATOCCUR,,Text,cl_YN1,cl_YN1,,
2,CECRS,No,ig_CECRS9,Other Anti-T Cell Therapy,ig_CECRS9,,CETRTATATG,ATG,CETRTATATG,,Text,cl_YN1,cl_YN1,,
2,CECRS,No,ig_CECRS9,Other Anti-T Cell Therapy,ig_CECRS9,,CETRTATCYCL,Cyclophosphamide,CETRTATCYCL,,Text,cl_YN1,cl_YN1,,
2,CECRS,No,ig_CECRS9,Other Anti-T Cell Therapy,ig_CECRS9,,CETRTATSPOTH,Specify Other Anti-T Cell Therapy,CETRTATSPOTH,,Text,,,,
2,CECRS,No,ig_CECRS9,Other Anti-T Cell Therapy,ig_CECRS9,,CECRS_LABEL3,Reminder: Any anti-T cell therapies administered must also be recorded on the Concomitant Medication CRF in parallel. ,CECRS_LABEL3,,Text,,,,
2,CECRS,No,ig_CECRS9,Other Anti-T Cell Therapy,ig_CECRS9,,CETRTATOTH,Other Anti-T Cell Therapy,CETRTATOTH,,Text,cl_YN1,cl_YN1,,
2,CECRS,No,ig_CECRS1,Cytokine Release Syndrome,ig_CECRS1,,AEREF,AE Reference #,AEREF,,Integer,,,,
2,CECRS,No,ig_CECRS1,Cytokine Release Syndrome,ig_CECRS1,,CECRSINFDAT,Date of Last Infusion Received,CECRSINFDAT,,Date,,,,
2,CECRS,No,ig_CECRS1,Cytokine Release Syndrome,ig_CECRS1,,CECRSINFTYP,Last Infusion Type Received,CECRSINFTYP,,Text,cl_CECRSINFTYP,cl_CECRSINFTYP,,
2,CECRS,No,ig_CECRS1,Cytokine Release Syndrome,ig_CECRS1,,CECRSOCCUR,Was CRS observed?,CECRSOCCUR,,Text,cl_YN1,cl_YN1,,
2,CECRS,No,ig_CECRS1,Cytokine Release Syndrome,ig_CECRS1,,CECRS_LABEL1,"If the subject experiences CRS, “Cytokine Release Syndrome” must also be documented as an AE on the Adverse Events eCRF.",CECRS_LABEL1,,Text,,,,
2,CECRS,No,ig_CECRS7,Oxygen Supplementation,ig_CECRS7,,CEOXYMAXOXY,Maximum Oxygen Supplementation (e.g.O2 %),CEOXYMAXOXY,,Integer,,,,
2,CECRS,No,ig_CECRS7,Oxygen Supplementation,ig_CECRS7,,CEOXYOCCUR,"For subjects who were not on mechanical ventilation or CPAP/BiPAP, was oxygen supplementation given?",CEOXYOCCUR,,Text,cl_YNNA1,cl_YNNA1,,
2,CECRS,No,ig_CECRS7,Oxygen Supplementation,ig_CECRS7,,CEOXYSTDAT,Oxygen Start Date,CEOXYSTDAT,,Date,,,,
2,CECRS,No,ig_CECRS7,Oxygen Supplementation,ig_CECRS7,,CEOXYMAXDAT,Date of Maximum Oxygen Requirement,CEOXYMAXDAT,,Date,,,,
2,CECRS,No,ig_CECRS7,Oxygen Supplementation,ig_CECRS7,,CEOXYOTH,"Other, specify",CEOXYOTH,,Text,,,,
2,CECRS,No,ig_CECRS7,Oxygen Supplementation,ig_CECRS7,,CEOXYENDAT,Oxygen Stop Date,CEOXYENDAT,,Date,,,,
2,CECRS,No,ig_CECRS7,Oxygen Supplementation,ig_CECRS7,,CEOXYSTTM,Oxygen Start Time,CEOXYSTTM,,Time,,,,
2,CECRS,No,ig_CECRS7,Oxygen Supplementation,ig_CECRS7,,CEOXYMD,Mode,CEOXYMD,,Text,cl_OXYMD1,cl_OXYMD1,,
2,CECRS,No,ig_CECRS7,Oxygen Supplementation,ig_CECRS7,,CEOXYDOS,Unit,CEOXYDOS,,Text,cl_CEOXYDOS,cl_CEOXYDOS,,
2,CECRS,No,ig_CECRS3,Subject Admitted to ICU,ig_CECRS3,,CEICUENDAT,ICU Discharge Date,CEICUENDAT,,Date,,,,
2,CECRS,No,ig_CECRS3,Subject Admitted to ICU,ig_CECRS3,,CEICUOCCUR,Was subject admitted to ICU?,CEICUOCCUR,,Text,cl_YN1,cl_YN1,,
2,CECRS,No,ig_CECRS3,Subject Admitted to ICU,ig_CECRS3,,CEICUSTDAT,ICU Admission Date,CEICUSTDAT,,Date,,,,
2,CECRS,No,ig_CECRS6,Subject on CPAP or BiPAP,ig_CECRS6,,CEPAPENDAT,CPAP or BiPAP Stop Date,CEPAPENDAT,,Date,,,,
2,CECRS,No,ig_CECRS6,Subject on CPAP or BiPAP,ig_CECRS6,,CEPAPOCCUR,Was subject on CPAP or BiPAP?,CEPAPOCCUR,,Text,cl_YN1,cl_YN1,,
2,CECRS,No,ig_CECRS6,Subject on CPAP or BiPAP,ig_CECRS6,,CEPAPENRF,Subject on CPAP or BiPAP at end of CRS?,CEPAPENRF,,Text,cl_YNUNK1,cl_YNUNK1,,
2,CECRS,No,ig_CECRS6,Subject on CPAP or BiPAP,ig_CECRS6,,CEPAPSTTM,CPAP or BiPAP Start Time,CEPAPSTTM,,Time,,,,
2,CECRS,No,ig_CECRS6,Subject on CPAP or BiPAP,ig_CECRS6,,CEPAPSTDAT,CPAP or BiPAP Start Date,CEPAPSTDAT,,Date,,,,
2,CECRS,No,ig_CECRS4,Hypotension that Required Intervention,ig_CECRS4,,CECRS_LABEL5,Reminder: Record applicable IV fluids on the Concomitant Medcation CRF in parallel as per the CRF Completion Guidelines.,CECRS_LABEL5,,Text,,,,
2,CECRS,No,ig_CECRS4,Hypotension that Required Intervention,ig_CECRS4,,CEHPVAS,Was Vasopressin used?,CEHPVAS,,Text,cl_YN1,cl_YN1,,
2,CECRS,No,ig_CECRS4,Hypotension that Required Intervention,ig_CECRS4,,CENOREDOS,Norepinephrine,CENOREDOS,,Text,cl_YN1,cl_YN1,,
2,CECRS,No,ig_CECRS4,Hypotension that Required Intervention,ig_CECRS4,,CEHPVAS2,Were two or more vasopressors used excluding vasopressin?,CEHPVAS2,,Text,cl_YN1,cl_YN1,,
2,CECRS,No,ig_CECRS4,Hypotension that Required Intervention,ig_CECRS4,,CEHPPSUP,Was pressor support used?,CEHPPSUP,,Text,cl_YN1,cl_YN1,,
2,CECRS,No,ig_CECRS4,Hypotension that Required Intervention,ig_CECRS4,,CEPHENDOS,Phenylephrine,CEPHENDOS,,Text,cl_YN1,cl_YN1,,
2,CECRS,No,ig_CECRS4,Hypotension that Required Intervention,ig_CECRS4,,CEHPOCCUR,Was hypotension that required intervention observed?,CEHPOCCUR,,Text,cl_YN1,cl_YN1,,
2,CECRS,No,ig_CECRS4,Hypotension that Required Intervention,ig_CECRS4,,CECRS_LABEL4,Reminder: Any pressors administered must also be recorded on the Concomitant Medication CRF in parallel. ,CECRS_LABEL4,,Text,,,,
2,CECRS,No,ig_CECRS4,Hypotension that Required Intervention,ig_CECRS4,,CEEPINDOS,Epinephrine,CEEPINDOS,,Text,cl_YN1,cl_YN1,,
2,CECRS,No,ig_CECRS4,Hypotension that Required Intervention,ig_CECRS4,,CEDOPADOS,Dopamine,CEDOPADOS,,Text,cl_YN1,cl_YN1,,
2,CECRS,No,ig_CECRS4,Hypotension that Required Intervention,ig_CECRS4,,CEHPTMT,Were IV fluids used to treat hypotension?,CEHPTMT,,Text,cl_YN1,cl_YN1,,
2,ICANS,No,ig_ICANS2,ICANS CAR Neurotoxicity Grading Criteria,ig_ICANS2,,AEREF,AE Reference #,AEREF,,Integer,,,,
2,ICANS,No,ig_ICANS2,ICANS CAR Neurotoxicity Grading Criteria,ig_ICANS2,,CARTOXSTDAT,CAR Neurotoxicity Start Date,CARTOXSTDAT,,Date,,,,
2,ICANS,No,ig_ICANS2,ICANS CAR Neurotoxicity Grading Criteria,ig_ICANS2,,ICPOCCUR,Elevated Intracranial Pressure (ICP) / Cerebral Edema,ICPOCCUR,,Text,cl_GRADE3,cl_GRADE3,,
2,ICANS,No,ig_ICANS2,ICANS CAR Neurotoxicity Grading Criteria,ig_ICANS2,,ICEORRES,ICE Score,ICEORRES,,Text,cl_GRADE2,cl_GRADE2,,
2,ICANS,No,ig_ICANS2,ICANS CAR Neurotoxicity Grading Criteria,ig_ICANS2,,DLCOCCUR,Depressed Level of Consciousness,DLCOCCUR,,Text,cl_GRADE2,cl_GRADE2,,
2,ICANS,No,ig_ICANS2,ICANS CAR Neurotoxicity Grading Criteria,ig_ICANS2,,ICANS_LABEL2,Refer to the ICANS grading scale within the study protocol. Select the applicable CAR Neurotoxicity grade for each criteria below. Select “Not Applicable” if the assessment was not performed for any reason or the Subject did not experience this condition.,ICANS_LABEL2,,Text,,,,
2,ICANS,No,ig_ICANS2,ICANS CAR Neurotoxicity Grading Criteria,ig_ICANS2,,SOCCUR,Seizure,SOCCUR,,Text,cl_GRADE3,cl_GRADE3,,
2,ICANS,No,ig_ICANS2,ICANS CAR Neurotoxicity Grading Criteria,ig_ICANS2,,MWOCCUR,Motor Weakness,MWOCCUR,,Text,cl_GRADE4,cl_GRADE4,,
2,ICANS,No,ig_ICANS1,ICANS CAR Neurotoxicity,ig_ICANS1,,ICANS_LABEL1,"The ICANS CRF is designed to provide supportive data for CAR Neurotoxicity Adverse Events.  This CRF is required for all infused subjects and should be completed to document the presence or absence of CAR Neurotoxicity.  If the subject experiences more than one episode of CAR Neurotoxicity, a new CRF should be created for each event.",ICANS_LABEL1,,Text,,,,
2,ICANS,No,ig_ICANS1,ICANS CAR Neurotoxicity,ig_ICANS1,,CARTOXYN,Did the subject experience a CAR Neurotoxicity adverse event?,CARTOXYN,,Text,cl_YN1,cl_YN1,,
2,LPMHCONF,No,ig_LPMH1,Medical History Confirmation,ig_LPMHCONF,,MHYN,Medical History to Report?,MHYN,,Text,cl_YN1,cl_YN1,,
2,MH,No,ig_MH1,Medical History,ig_MH1,,STUDYPHSPRE,Study Phase,STUDYPHSPRE,,Text,cl_STUDYPHSPRE1,cl_STUDYPHSPRE1,,
2,MH,No,ig_MH1,Medical History,ig_MH1,,MHSTDAT,Date of Onset,MHSTDAT,,Date,,,,
2,MH,No,ig_MH1,Medical History,ig_MH1,,MH_LABEL1,"Do not include the diagnosis under investigation or prior treatments for this diagnosis on this CRF. List all relevant medical history and current medical conditions (including cancer related conditions and symptoms, allergies, etc). Please refer to the CCGs for additional entry guidance.",MH_LABEL1,,Text,,,,
2,MH,No,ig_MH1,Medical History,ig_MH1,,MHTERMTXT,Additional Detail,MHTERMTXT,,Text,,,,
2,MH,No,ig_MH1,Medical History,ig_MH1,,MHCAT,Body Category,MHCAT,,Text,cl_BCAT1,cl_BCAT1,,
2,MH,No,ig_MH1,Medical History,ig_MH1,,MHONGO,Ongoing,MHONGO,,Text,cl_YN1,cl_YN1,,
2,MH,No,ig_MH1,Medical History,ig_MH1,,MHCATOTH,Other Body Category,MHCATOTH,,Text,,,,
2,MH,No,ig_MH1,Medical History,ig_MH1,,MHGRADE,Grade,MHGRADE,,Text,cl_GRADE1,cl_GRADE1,,
2,MH,No,ig_MH1,Medical History,ig_MH1,,MHTERM,Condition/History,MHTERM,,Text,,,,
2,PRANP,No,ig_PRANP2,Prior Antineoplastic (ANP) Therapy,ig_PRANP2,,ANPREASDISCOTH,Specify Other Reason for Discontinuation,ANPREASDISCOTH,,Text,,,,
2,PRANP,No,ig_PRANP2,Prior Antineoplastic (ANP) Therapy,ig_PRANP2,,ANPCAT,Therapy Type,ANPCAT,,Text,cl_ANPTRTCAT1,cl_ANPTRTCAT1,,
2,PRANP,No,ig_PRANP2,Prior Antineoplastic (ANP) Therapy,ig_PRANP2,,ANPSTDAT,Start Date,ANPSTDAT,,Date,,,,
2,PRANP,No,ig_PRANP2,Prior Antineoplastic (ANP) Therapy,ig_PRANP2,,ANPREASDISC,Reason for Discontinuation,ANPREASDISC,,Text,cl_ANPREASDISC1,cl_ANPREASDISC1,,
2,PRANP,No,ig_PRANP2,Prior Antineoplastic (ANP) Therapy,ig_PRANP2,,PRANPENDDAT,Stop Date,PRANPENDDAT,,Date,,,,
2,PRANP,No,ig_PRANP2,Prior Antineoplastic (ANP) Therapy,ig_PRANP2,,ANPTXT,Medication/Therapy,ANPTXT,,Text,,,,
2,PRANP,No,ig_PRANP1,Subject Information,ig_PRANP1,,PRRANPYN,Prior Medication/Therapy to Report?,PRRANPYN,,Text,cl_YN1,cl_YN1,,
2,PRANP,No,ig_PRANP1,Subject Information,ig_PRANP1,,PRANP_LABEL1,"Enter all oncology treatments including surgery, chemotherapy, immunotherapy, targeted therapy, surgery, radiation therapy, etc. that the subject received prior to entering into the study. Enter bridging oncology treatments received after consent but prior to protocol required lymphodepleting chemotherapy and T cell infusion (Day 0) on this CRF.",PRANP_LABEL1,,Text,,,,
2,PRANP,No,ig_PRANP1,Subject Information,ig_PRANP1,,ANPSPID,Line#,ANPSPID,,Text,,,,
2,PRANP,No,ig_PRANP1,Subject Information,ig_PRANP1,,PRANP_LABEL2,This CRF should be used to document the medications/therapies administered within a specific line of therapy (i.e. Line #1).  Each subsequent ANP therapy line should be reported on a new CRF. ,PRANP_LABEL2,,Text,,,,
2,PANP,No,ig_PANP2,Antineoplastic Therapy,ig_PANP2,,ANPCAT,Therapy Type,ANPCAT,,Text,cl_ANPTRTCAT1,cl_ANPTRTCAT1,,
2,PANP,No,ig_PANP2,Antineoplastic Therapy,ig_PANP2,,ANPSTDAT,Start Date,ANPSTDAT,,Date,,,,
2,PANP,No,ig_PANP2,Antineoplastic Therapy,ig_PANP2,,ANPDOSUOTH,Specify Unit,ANPDOSUOTH,,Text,,,,
2,PANP,No,ig_PANP2,Antineoplastic Therapy,ig_PANP2,,ANPDOSFRQ,Frequency,ANPDOSFRQ,,Text,cl_ANPFREQ1,cl_ANPFREQ1,,
2,PANP,No,ig_PANP2,Antineoplastic Therapy,ig_PANP2,,ANPONGO,Ongoing,ANPONGO,,Text,cl_YN1,cl_YN1,,
2,PANP,No,ig_PANP2,Antineoplastic Therapy,ig_PANP2,,ANPROUTEOTH,Specify Route,ANPROUTEOTH,,Text,,,,
2,PANP,No,ig_PANP2,Antineoplastic Therapy,ig_PANP2,,ANPDOSU,Unit,ANPDOSU,,Text,cl_ANPUNIT1,cl_ANPUNIT1,,
2,PANP,No,ig_PANP2,Antineoplastic Therapy,ig_PANP2,,ANPENDDAT,Stop Date,ANPENDDAT,,Date,,,,
2,PANP,No,ig_PANP2,Antineoplastic Therapy,ig_PANP2,,ANPFRQOTH,Specify Frequency,ANPFRQOTH,,Text,,,,
2,PANP,No,ig_PANP2,Antineoplastic Therapy,ig_PANP2,,ANPTXT,Medication/Therapy,ANPTXT,,Text,,,,
2,PANP,No,ig_PANP2,Antineoplastic Therapy,ig_PANP2,,ANPDOS,Dose,ANPDOS,,Text,,,,
2,PANP,No,ig_PANP2,Antineoplastic Therapy,ig_PANP2,,ANPROUTE,Route,ANPROUTE,,Text,cl_ANPROUTE1,cl_ANPROUTE1,,
2,PANP,No,ig_PANP1,Subject Information,ig_PANP1,,PANP_LABEL2,"Enter the line# of the ANP therapy being captured on this CRF. This CRF is a continuation of the Prior ANP Therapy CRF. Begin numbering Primary ANP therapies sequentially on this CRF, accounting for all prior therapies received (on the Prior ANP Therapy CRF) as well as the study treatment intervention. Only medications/therapies administered within this same line should be entered on this CRF. Subsequent ANP therapy lines should be reported on a new CRF.",PANP_LABEL2,,Text,,,,
2,PANP,No,ig_PANP1,Subject Information,ig_PANP1,,STUDYPHS,Study Phase,STUDYPHS,,Text,cl_STUDYPHS1,cl_STUDYPHS1,,
2,PANP,No,ig_PANP1,Subject Information,ig_PANP1,,ANPYN,Medication/Therapy to Report?,ANPYN,,Text,cl_YN1,cl_YN1,,
2,PANP,No,ig_PANP1,Subject Information,ig_PANP1,,ANPSPID,Line#,ANPSPID,,Text,,,,
2,PANP,No,ig_PANP1,Subject Information,ig_PANP1,,PANP_LABEL1,"Record all oncology medications/therapies (including surgery, transplant, chemotherapy, etc.) given to treat the Subject’s primary cancer during the primary follow-up phase. This CRF must be entered for all infused Subjects, even if no additional therapies were given.    Note: This is a CRF that can be updated throughout the Subject’s participation to capture new therapies (or changes in existing therapies) in real-time.",PANP_LABEL1,,Text,,,,
2,PDAE,No,ig_PDAE1,Protocol-Defined Adverse Events (PDAE),ig_PDAE1,,AERELSPOTH,Specify Other Attribution,AERELSPOTH,,Text,,,,
2,PDAE,No,ig_PDAE1,Protocol-Defined Adverse Events (PDAE),ig_PDAE1,,AEENDAT,Stop Date,AEENDAT,,Date,,,,
2,PDAE,No,ig_PDAE1,Protocol-Defined Adverse Events (PDAE),ig_PDAE1,,AE_LABEL6,Please ensure that the date of death has been entered on the End of Study CRF appropriately.,AE_LABEL6,,Text,,,,
2,PDAE,No,ig_PDAE1,Protocol-Defined Adverse Events (PDAE),ig_PDAE1,,AEREL,T-cell Attribution,AEREL,,Text,cl_AETCELLATTRIB1,cl_AETCELLATTRIB1,,
2,PDAE,No,ig_PDAE1,Protocol-Defined Adverse Events (PDAE),ig_PDAE1,,AESTDAT,Start Date,AESTDAT,,Date,,,,
2,PDAE,No,ig_PDAE1,Protocol-Defined Adverse Events (PDAE),ig_PDAE1,,AERELOTH,Other Attribution,AERELOTH,,Text,cl_AEOTHRATTRIB1,cl_AEOTHRATTRIB1,,
2,PDAE,No,ig_PDAE1,Protocol-Defined Adverse Events (PDAE),ig_PDAE1,,AETOX,Toxicity,AETOX,,Text,,,,
2,PDAE,No,ig_PDAE1,Protocol-Defined Adverse Events (PDAE),ig_PDAE1,,AETRTINTP,T-cell Expectedness,AETRTINTP,,Text,cl_YN1,cl_YN1,,
2,PDAE,No,ig_PDAE1,Protocol-Defined Adverse Events (PDAE),ig_PDAE1,,AECAT,CTCAE Category,AECAT,,Text,cl_CTCAECAT1,cl_CTCAECAT1,,
2,PDAE,No,ig_PDAE1,Protocol-Defined Adverse Events (PDAE),ig_PDAE1,,PDAEONSET,Event Onset,PDAEONSET,,Text,cl_PDAEEVENTONSET1,cl_PDAEEVENTONSET1,,
2,PDAE,No,ig_PDAE1,Protocol-Defined Adverse Events (PDAE),ig_PDAE1,,AETRTINTPOTH,Other Expectedness,AETRTINTPOTH,,Text,cl_YN1,cl_YN1,,
2,PDAE,No,ig_PDAE1,Protocol-Defined Adverse Events (PDAE),ig_PDAE1,,AE_LABEL5,Please refer to the CCGs for more comprehensive instructions.,AE_LABEL5,,Text,,,,
2,PDAE,No,ig_PDAE1,Protocol-Defined Adverse Events (PDAE),ig_PDAE1,,AETOXGR,Grade,AETOXGR,,Text,cl_AEGRADE1,cl_AEGRADE1,,
2,PDAE,No,ig_PDAE1,Protocol-Defined Adverse Events (PDAE),ig_PDAE1,,AETOXTERM,Additional Toxicity Details,AETOXTERM,,Text,,,,
2,PDAE,No,ig_PDAE1,Protocol-Defined Adverse Events (PDAE),ig_PDAE1,,AEONGO,Event Ongoing,AEONGO,,Text,cl_AEONGO1,cl_AEONGO1,,
2,PDAE,No,ig_PDAE2,Serious Adverse Event,ig_PDAE2,,AESEV,AE or SAE?,AESEV,,Text,cl_AESAE1,cl_AESAE1,,
2,PDAE,No,ig_PDAE2,Serious Adverse Event,ig_PDAE2,,AESI,Was this an AE of special interest with multiple changes in grades?,AESI,,Text,cl_YN1,cl_YN1,,
2,PDAE,No,ig_PDAE2,Serious Adverse Event,ig_PDAE2,,AESER,Seriousness as listed on the SAE form,AESER,,Text,cl_AESER1,cl_AESER1,,
2,PDAE,No,ig_PDAE2,Serious Adverse Event,ig_PDAE2,,AESAESTDAT,Date the event became an SAE,AESAESTDAT,,Date,,,,
2,PDAE,No,ig_PDAE3,Adverse Events of Special Interest (AESI),ig_PDAE3,,AESIGR2,AESI Grade,AESIGR2,,Text,cl_AEGRADE1,cl_AEGRADE1,,
2,PDAE,No,ig_PDAE3,Adverse Events of Special Interest (AESI),ig_PDAE3,,AESIGR4,AESI Grade,AESIGR4,,Text,cl_AEGRADE1,cl_AEGRADE1,,
2,PDAE,No,ig_PDAE3,Adverse Events of Special Interest (AESI),ig_PDAE3,,AESIGRCHG4,AESI Grade Change,AESIGRCHG4,,Text,cl_YN1,cl_YN1,,
2,PDAE,No,ig_PDAE3,Adverse Events of Special Interest (AESI),ig_PDAE3,,AESIGRCHG2,AESI Grade Change,AESIGRCHG2,,Text,cl_YN1,cl_YN1,,
2,PDAE,No,ig_PDAE3,Adverse Events of Special Interest (AESI),ig_PDAE3,,AESIGRCHG3,AESI Grade Change,AESIGRCHG3,,Text,cl_YN1,cl_YN1,,
2,PDAE,No,ig_PDAE3,Adverse Events of Special Interest (AESI),ig_PDAE3,,AESIGRCHG1,AESI Grade Change,AESIGRCHG1,,Text,cl_YN1,cl_YN1,,
2,PDAE,No,ig_PDAE3,Adverse Events of Special Interest (AESI),ig_PDAE3,,AESISTDAT3,AESI Start Date,AESISTDAT3,,Date,,,,
2,PDAE,No,ig_PDAE3,Adverse Events of Special Interest (AESI),ig_PDAE3,,AESIGR1,AESI Grade,AESIGR1,,Text,cl_AEGRADE1,cl_AEGRADE1,,
2,PDAE,No,ig_PDAE3,Adverse Events of Special Interest (AESI),ig_PDAE3,,AESIENDAT3,AESI Stop Date,AESIENDAT3,,Date,,,,
2,PDAE,No,ig_PDAE3,Adverse Events of Special Interest (AESI),ig_PDAE3,,AESIENDAT4,AESI Stop Date,AESIENDAT4,,Date,,,,
2,PDAE,No,ig_PDAE3,Adverse Events of Special Interest (AESI),ig_PDAE3,,AESISTDAT2,AESI Start Date,AESISTDAT2,,Date,,,,
2,PDAE,No,ig_PDAE3,Adverse Events of Special Interest (AESI),ig_PDAE3,,AESIENDAT5,AESI Stop Date,AESIENDAT5,,Date,,,,
2,PDAE,No,ig_PDAE3,Adverse Events of Special Interest (AESI),ig_PDAE3,,AESIGR3,AESI Grade,AESIGR3,,Text,cl_AEGRADE1,cl_AEGRADE1,,
2,PDAE,No,ig_PDAE3,Adverse Events of Special Interest (AESI),ig_PDAE3,,AESIGR5,AESI Grade,AESIGR5,,Text,cl_AEGRADE1,cl_AEGRADE1,,
2,PDAE,No,ig_PDAE3,Adverse Events of Special Interest (AESI),ig_PDAE3,,AESISTDAT1,AESI Start Date,AESISTDAT1,,Date,,,,
2,PDAE,No,ig_PDAE3,Adverse Events of Special Interest (AESI),ig_PDAE3,,AESIENDAT1,AESI Stop Date,AESIENDAT1,,Date,,,,
2,PDAE,No,ig_PDAE3,Adverse Events of Special Interest (AESI),ig_PDAE3,,AESIENDAT2,AESI Stop Date,AESIENDAT2,,Date,,,,
2,PDAE,No,ig_PDAE3,Adverse Events of Special Interest (AESI),ig_PDAE3,,AESIGRCHG5,AESI Grade Change,AESIGRCHG5,,Text,cl_YN1,cl_YN1,,
2,PDAE,No,ig_PDAE3,Adverse Events of Special Interest (AESI),ig_PDAE3,,AESISTDAT4,AESI Start Date,AESISTDAT4,,Date,,,,
2,PDAE,No,ig_PDAE3,Adverse Events of Special Interest (AESI),ig_PDAE3,,AESISTDAT5,AESI Start Date,AESISTDAT5,,Date,,,,
2,LANP,No,ig_LANP2,Antineoplastic Therapy,ig_LANP2,,ANPCAT,Therapy Type,ANPCAT,,Text,cl_ANPTRTCAT1,cl_ANPTRTCAT1,,
2,LANP,No,ig_LANP2,Antineoplastic Therapy,ig_LANP2,,ANPSTDAT,Start Date,ANPSTDAT,,Date,,,,
2,LANP,No,ig_LANP2,Antineoplastic Therapy,ig_LANP2,,ANPDOSUOTH,Specify Unit,ANPDOSUOTH,,Text,,,,
2,LANP,No,ig_LANP2,Antineoplastic Therapy,ig_LANP2,,ANPDOSFRQ,Frequency,ANPDOSFRQ,,Text,cl_ANPFREQ1,cl_ANPFREQ1,,
2,LANP,No,ig_LANP2,Antineoplastic Therapy,ig_LANP2,,ANPONGO,Ongoing,ANPONGO,,Text,cl_YN1,cl_YN1,,
2,LANP,No,ig_LANP2,Antineoplastic Therapy,ig_LANP2,,ANPROUTEOTH,Specify Route,ANPROUTEOTH,,Text,,,,
2,LANP,No,ig_LANP2,Antineoplastic Therapy,ig_LANP2,,ANPDOSU,Unit,ANPDOSU,,Text,cl_ANPUNIT1,cl_ANPUNIT1,,
2,LANP,No,ig_LANP2,Antineoplastic Therapy,ig_LANP2,,ANPENDDAT,Stop Date,ANPENDDAT,,Date,,,,
2,LANP,No,ig_LANP2,Antineoplastic Therapy,ig_LANP2,,ANPFRQOTH,Specify Frequency,ANPFRQOTH,,Text,,,,
2,LANP,No,ig_LANP2,Antineoplastic Therapy,ig_LANP2,,ANPTXT,Medication/Therapy,ANPTXT,,Text,,,,
2,LANP,No,ig_LANP2,Antineoplastic Therapy,ig_LANP2,,ANPDOS,Dose,ANPDOS,,Text,,,,
2,LANP,No,ig_LANP2,Antineoplastic Therapy,ig_LANP2,,ANPROUTE,Route,ANPROUTE,,Text,cl_ANPROUTE1,cl_ANPROUTE1,,
2,LANP,No,ig_LANP1,Subject Information,ig_LANP1,,STUDYPHS,Study Phase,STUDYPHS,,Text,cl_STUDYPHS1,cl_STUDYPHS1,,
2,LANP,No,ig_LANP1,Subject Information,ig_LANP1,,LANPSPID,Line#,LANPSPID,,Text,,,,
2,LANP,No,ig_LANP1,Subject Information,ig_LANP1,,ANPYN,Medication/Therapy to Report?,ANPYN,,Text,cl_YN1,cl_YN1,,
2,LANP,No,ig_LANP1,Subject Information,ig_LANP1,,LANP_LABEL1,"Record all oncology medications/therapies (including surgery, transplant, chemotherapy, etc.) given to treat the Subject’s primary cancer after transitioning to long-term follow-up. Any such medications/therapies initiated during Primary follow-up are to be collected on the Primary ANP CRF and will be followed until completion on that CRF only. This data should not be collected again on the LTFU ANP CRF. ",LANP_LABEL1,,Text,,,,
2,LANP,No,ig_LANP1,Subject Information,ig_LANP1,,LANP_LABEL2,"This CRF is a continuation of the Prior ANP Therapy CRF and Primary ANP Therapy CRF (as applicable). Begin numbering sequentially on this CRF, accounting for all prior therapies received [as captured on the Prior ANP Therapy CRF] as well as the study treatment intervention and Primary Follow-up (if applicable).  Only medications/therapies administered within this same line should be entered on this CRF.  Subsequent ANP therapy lines should be reported on a new CRF.",LANP_LABEL2,,Text,,,,
2,TF,No,ig_TF1,Transfusion,ig_TF1,,TFTOTU,Total Number of Units Received,TFTOTU,,Integer,,,,
2,TF,No,ig_TF1,Transfusion,ig_TF1,,STUDYPHS,Study Phase,STUDYPHS,,Text,cl_STUDYPHS1,cl_STUDYPHS1,,
2,TF,No,ig_TF1,Transfusion,ig_TF1,,TFDAT,Transfusion Date,TFDAT,,Date,,,,
2,TF,No,ig_TF1,Transfusion,ig_TF1,,TFYN,Transfusion Data to Report,TFYN,,Text,cl_YN1,cl_YN1,,
2,TF,No,ig_TF1,Transfusion,ig_TF1,,TF_LABEL1,This CRF will be used to capture data for all transfusions received on or after the day of the first CAR T cell infusion (Day 0 or Day 0-R) and entry is required for all Infused Subjects. Transfusion data should be reported per calendar day. Note: Cumulative data for any transfusions received prior to the day of the first CAR T cell infusion (Day 0 or Day 0-R) should be entered on the Pre-Treatment Transfusion History CRF.,TF_LABEL1,,Text,,,,
2,TF,No,ig_TF1,Transfusion,ig_TF1,,TFCAT,Treatment Administered,TFCAT,,Text,cl_TFCAT1,cl_TFCAT1,,
2,PRDIAG,No,ig_PRDIAG2,Diagnosis and Extent of Cancer for CLL,ig_PRDIAG2,,CLLREOCNUM,Number of Reoccurrences/Relapse,CLLREOCNUM,,Integer,,,,
2,PRDIAG,No,ig_PRDIAG2,Diagnosis and Extent of Cancer for CLL,ig_PRDIAG2,,CLLFRSTRELPSDAT,Date of First Recurrence/Relapse,CLLFRSTRELPSDAT,,Date,,,,
2,PRDIAG,No,ig_PRDIAG2,Diagnosis and Extent of Cancer for CLL,ig_PRDIAG2,,CLLHCNS,History of CNS Disease?,CLLHCNS,,Text,cl_YN1,cl_YN1,,
2,PRDIAG,No,ig_PRDIAG2,Diagnosis and Extent of Cancer for CLL,ig_PRDIAG2,,PRDIAGCLLOTH,Specify Other Diagnosis,PRDIAGCLLOTH,,Text,,,,
2,PRDIAG,No,ig_PRDIAG2,Diagnosis and Extent of Cancer for CLL,ig_PRDIAG2,,PRDIAGCLLSTAGRAI,Stage at Initial Diagnosis - Rai Classification,PRDIAGCLLSTAGRAI,,Text,cl_PRDIAGCLLSTAGRAI1,cl_PRDIAGCLLSTAGRAI1,,
2,PRDIAG,No,ig_PRDIAG2,Diagnosis and Extent of Cancer for CLL,ig_PRDIAG2,,PRDIAGCLL,Primary Diagnosis of CLL,PRDIAGCLL,,Text,cl_PRDIAGCLL1,cl_PRDIAGCLL1,,
2,PRDIAG,No,ig_PRDIAG2,Diagnosis and Extent of Cancer for CLL,ig_PRDIAG2,,PRDIAGCLLSTDAT,Date of Initial Diagnosis,PRDIAGCLLSTDAT,,Date,,,,
2,PRDIAG,No,ig_PRDIAG2,Diagnosis and Extent of Cancer for CLL,ig_PRDIAG2,,PRDIAGCLLSTAGBIN,Stage at Initial Diagnosis - Binet Staging,PRDIAGCLLSTAGBIN,,Text,cl_PRDIAGCLLSTAGBIN1,cl_PRDIAGCLLSTAGBIN1,,
2,PRDIAG,No,ig_PRDIAG2,Diagnosis and Extent of Cancer for CLL,ig_PRDIAG2,,CLLRECNTRELPSDAT,Date of Most Recent Recurrence/Relapse,CLLRECNTRELPSDAT,,Date,,,,
2,PRDIAG,No,ig_PRDIAG2,Diagnosis and Extent of Cancer for CLL,ig_PRDIAG2,,RELPSPRIMREFRCLL,Relapsed or Primary Refractory CLL,RELPSPRIMREFRCLL,,Text,cl_RELPSREF1,cl_RELPSREF1,,
2,PRDIAG,No,ig_PRDIAG4,17p del (TP53 mutation) Status,ig_PRDIAG4,,LBNAM,Laboratory Name,LBNAM,LBNAM,Text,cl_LBNAME1,cl_LBNAME1,,
2,PRDIAG,No,ig_PRDIAG4,17p del (TP53 mutation) Status,ig_PRDIAG4,,TP53MUTOTH,Specify Other 17p del (TP53 mutation) Status,TP53MUTOTH,,Text,,,,
2,PRDIAG,No,ig_PRDIAG4,17p del (TP53 mutation) Status,ig_PRDIAG4,,LBDAT,Collection Date,LBDAT,LBDTC,Date,,,,
2,PRDIAG,No,ig_PRDIAG4,17p del (TP53 mutation) Status,ig_PRDIAG4,,TP53PERF,Was 17p del (TP53 mutation) test performed?,TP53PERF,,Text,cl_YN1,cl_YN1,,
2,PRDIAG,No,ig_PRDIAG4,17p del (TP53 mutation) Status,ig_PRDIAG4,,TP53SAMTYP,Sample Type,TP53SAMTYP,,Text,cl_TP53SAMTYP1,cl_TP53SAMTYP1,,
2,PRDIAG,No,ig_PRDIAG4,17p del (TP53 mutation) Status,ig_PRDIAG4,,LBNAMOTH,Specify Other Laboratory,LBNAMOTH,LBNAMOTH,Text,,,,
2,PRDIAG,No,ig_PRDIAG4,17p del (TP53 mutation) Status,ig_PRDIAG4,,TP53MUT,17p del (TP53 mutation) Status,TP53MUT,,Text,cl_TP53MUT1,cl_TP53MUT1,,
2,PRDIAG,No,ig_PRDIAG4,17p del (TP53 mutation) Status,ig_PRDIAG4,,TP53SAMTYPOTH,Specify Other Sample Type,TP53SAMTYPOTH,,Text,,,,
2,PRDIAG,No,ig_PRDIAG1,Subject Information,ig_PRDIAG1,,RSCAT,Disease Type,RSCAT,,Text,cl_RSCAT1,cl_RSCAT1,,
2,PRDIAG,No,ig_PRDIAG3,Diagnosis and Extent of Cancer for NHL,ig_PRDIAG3,,PRDIAGNHLOTH,Specify Other Diagnosis,PRDIAGNHLOTH,,Text,,,,
2,PRDIAG,No,ig_PRDIAG3,Diagnosis and Extent of Cancer for NHL,ig_PRDIAG3,,PRDIAGNHLSTAGANN,Stage at Initial Diagnosis - Ann Arbor Staging,PRDIAGNHLSTAGANN,,Text,cl_PRDIAGNHLSTAGANN1,cl_PRDIAGNHLSTAGANN1,,
2,PRDIAG,No,ig_PRDIAG3,Diagnosis and Extent of Cancer for NHL,ig_PRDIAG3,,NHLBMINVLV,Bone marrow involvement at enrollment?,NHLBMINVLV,,Text,cl_NHLBMINVLV1,cl_NHLBMINVLV1,,
2,PRDIAG,No,ig_PRDIAG3,Diagnosis and Extent of Cancer for NHL,ig_PRDIAG3,,PRDIAGNHLSTDAT,Date of Initial Diagnosis,PRDIAGNHLSTDAT,,Date,,,,
2,PRDIAG,No,ig_PRDIAG3,Diagnosis and Extent of Cancer for NHL,ig_PRDIAG3,,PRDIAGNHL,Primary Diagnosis of NHL,PRDIAGNHL,,Text,cl_PRDIAGNHL1,cl_PRDIAGNHL1,,
2,PRDIAG,No,ig_PRDIAG3,Diagnosis and Extent of Cancer for NHL,ig_PRDIAG3,,NHLHCNS,History of CNS Disease?,NHLHCNS,,Text,cl_YN1,cl_YN1,,
2,PRDIAG,No,ig_PRDIAG3,Diagnosis and Extent of Cancer for NHL,ig_PRDIAG3,,NHLFRSTRELPSDAT,Date of First Recurrence/Relapse,NHLFRSTRELPSDAT,,Date,,,,
2,PRDIAG,No,ig_PRDIAG3,Diagnosis and Extent of Cancer for NHL,ig_PRDIAG3,,RELPSPRIMREFRNHL,Relapsed or Primary Refractory NHL,RELPSPRIMREFRNHL,,Text,cl_RELPSREF1,cl_RELPSREF1,,
2,PRDIAG,No,ig_PRDIAG3,Diagnosis and Extent of Cancer for NHL,ig_PRDIAG3,,NHLREOCNUM,Number of Reoccurrences/Relapse,NHLREOCNUM,,Integer,,,,
2,PRDIAG,No,ig_PRDIAG3,Diagnosis and Extent of Cancer for NHL,ig_PRDIAG3,,NHLRECNTRELPSDAT,Date of Most Recent Recurrence/Relapse,NHLRECNTRELPSDAT,,Date,,,,
2,DM,No,ig_DM1,Demographics,ig_DM1,,GENDERID,Gender Identity,GENDERID,,Text,cl_DMSEX2,cl_DMSEX2,,
2,DM,No,ig_DM1,Demographics,ig_DM1,,RACE,Race,RACE,,Text,cl_DMRACE1,cl_DMRACE1,,
2,DM,No,ig_DM1,Demographics,ig_DM1,,BRTHDAT,Date of Birth,BRTHDAT,,Date,,,,
2,DM,No,ig_DM1,Demographics,ig_DM1,,ETHNIC,Ethnicity,ETHNIC,,Text,cl_DMETHNIC1,cl_DMETHNIC1,,
2,DM,No,ig_DM1,Demographics,ig_DM1,,BRTHSEX,Sex Assigned at Birth,BRTHSEX,,Text,cl_DMSEX2,cl_DMSEX2,,
2,DM,No,ig_DM1,Demographics,ig_DM1,,RACEOTH,Specify Other or Multiple Races,RACEOTH,,Text,,,,
2,DM,No,ig_DM1,Demographics,ig_DM1,,SEX,Legal Sex,SEX,,Text,cl_DMSEX1,cl_DMSEX1,,
2,RVP,No,ig_RVP1,Respiratory Virus Panel,ig_RVP1,,STUDYPHSPRE,Study Phase,STUDYPHSPRE,,Text,cl_STUDYPHSPRE1,cl_STUDYPHSPRE1,,
2,RVP,No,ig_RVP1,Respiratory Virus Panel,ig_RVP1,,LBNAM,Laboratory Name,LBNAM,LBNAM,Text,cl_LBNAME1,cl_LBNAME1,,
2,RVP,No,ig_RVP1,Respiratory Virus Panel,ig_RVP1,,LBDAT,Collection Date,LBDAT,LBDTC,Date,,,,
2,RVP,No,ig_RVP1,Respiratory Virus Panel,ig_RVP1,,LBNAMOTH,Specify Other Laboratory,LBNAMOTH,LBNAMOTH,Text,,,,
2,RVP,No,ig_RVP1,Respiratory Virus Panel,ig_RVP1,,MBPERF,Was Respiratory Virus Panel Performed?,MBPERF,,Text,cl_YN1,cl_YN1,,
2,RVP,No,ig_RVP2,Respiratory Virus Panel Results,ig_RVP2,,MBORRES,Respiratory Virus Panel Result,MBORRES,,Text,cl_MBORRES1,cl_MBORRES1,,
2,RVP,No,ig_RVP2,Respiratory Virus Panel Results,ig_RVP2,,MBCAT,Respiratory Virus Panel,MBCAT,,Text,cl_MBCAT1,cl_MBCAT1,,
2,DLA,No,ig_DLA1,Dose Level Assignment,ig_DLA1,,DLADOSELVL,Dose Level Assignment,DLADOSELVL,,Text,cl_DLADOSELVL1,cl_DLADOSELVL1,,
2,DLA,No,ig_DLA1,Dose Level Assignment,ig_DLA1,,CA_LABEL1,"This CRF is required for all subjects, including screen failures.",CA_LABEL1,,Text,,,,
2,RTSCOENR,No,ig_RTSCOENR1,Rescue Therapy Study Co-Enrollment,ig_RTSCOENR1,,LB_NS_NA_RTSCOENR,"This CRF must be entered for all subjects even if they were not co-enrolled in the Rescue Therapy Protocol. It should be entered in real-time as information becomes available, and must be completed by the Day 28 or Day 28-R safety follow-up visit. It  may be updated throughout the subject’s participation in the study to reflect the final disposition.",LB_NS_NA_RTSCOENR,,Text,,,,
2,RTSCOENR,No,ig_RTSCOENR1,Rescue Therapy Study Co-Enrollment,ig_RTSCOENR1,,DT_NS_NH_CONSENT,Date of Consent:,DT_NS_NH_CONSENT,,Date,,,,
2,RTSCOENR,No,ig_RTSCOENR1,Rescue Therapy Study Co-Enrollment,ig_RTSCOENR1,,CL_NS_NH_RECRTX_cl_YN1,Did the subject receive rescue therapy under this protocol?,CL_NS_NH_RECRTX_cl_YN1,,Text,cl_YN1,cl_YN1,,
2,RTSCOENR,No,ig_RTSCOENR1,Rescue Therapy Study Co-Enrollment,ig_RTSCOENR1,,CL_NS_NH_RESCTXNM_cl_NS_RESCTXNAME1,Name of Rescue Therapy Received,CL_NS_NH_RESCTXNM_cl_NS_RESCTXNAME1,,Text,cl_NS_RESCTXNAME1,cl_NS_RESCTXNAME1,,
2,RTSCOENR,No,ig_RTSCOENR1,Rescue Therapy Study Co-Enrollment,ig_RTSCOENR1,,CL_NS_NH_COENR_cl_YN1,Was this subject co-enrolled onto the 01422 Rescue Therapy Protocol?,CL_NS_NH_COENR_cl_YN1,,Text,cl_YN1,cl_YN1,,
2,RTSCOENR,No,ig_RTSCOENR1,Rescue Therapy Study Co-Enrollment,ig_RTSCOENR1,,TX_NS_YH_SUBID,Subject Identification Number,TX_NS_YH_SUBID,,Text,,,,
2,EOS,No,ig_EOS1,Subject Information,ig_EOS1,,EOSDAT,End of Study Date,EOSDAT,,Date,,,,
2,EOS,No,ig_EOS1,Subject Information,ig_EOS1,,STUDYPHSEOS,Last Study Phase,STUDYPHSEOS,,Text,cl_STUDYPHS1,cl_STUDYPHS1,,
2,EOS,No,ig_EOS1,Subject Information,ig_EOS1,,EOSRIP,Did the Subject receive the investigational product?,EOSRIP,,Text,cl_YN1,cl_YN1,,
2,EOS,No,ig_EOS1,Subject Information,ig_EOS1,,EOSLASTVISIT,Last Study Visit Completed,EOSLASTVISIT,,Text,cl_EOSTP1,cl_EOSTP1,,
2,EOS,No,ig_EOS1,Subject Information,ig_EOS1,,EOS_LABEL1,"This CRF is to be used to document a Subject’s permanent discontinuation from the trial (i.e. last date of Subject’s involvement on the study). This CRF should be completed for all Subjects, including screen failures.",EOS_LABEL1,,Text,,,,
2,EOS,No,ig_EOS1,Subject Information,ig_EOS1,,EOSLASTVISITR,Last Study Visit Completed in Retreatment,EOSLASTVISITR,,Text,cl_EOSTP2,cl_EOSTP2,,
2,EOS,No,ig_EOS2,End of Study,ig_EOS2,,EOSCOD1,Reason for End of Study?,EOSCOD1,,Text,cl_EOSREAS1,cl_EOSREAS1,,
2,EOS,No,ig_EOS2,End of Study,ig_EOS2,,PRCDTHOS,Specify Principal Cause of Death,PRCDTHOS,,Text,,,,
2,EOS,No,ig_EOS2,End of Study,ig_EOS2,,EOSTERM,Provide Supportive Information,EOSTERM,,Text,,,,
2,EOS,No,ig_EOS2,End of Study,ig_EOS2,,PRCDTH,Principal Cause of Death,PRCDTH,,Text,cl_EOSCAD1,cl_EOSCAD1,,
2,INITLF,No,ig_INITLF1,Subject Information,ig_INITLF1,,DSPHASE,From which Phase is the Subject entering Long-Term Follow-Up?,DSPHASE,,Text,cl_PHASE1,cl_PHASE1,,
2,INITLF,No,ig_INITLF1,Subject Information,ig_INITLF1,,DSLVCPFU,Last Study Visit Completed in Primary Follow-Up,DSLVCPFU,,Text,cl_LVCPFU1,cl_LVCPFU1,,
2,INITLF,No,ig_INITLF1,Subject Information,ig_INITLF1,,DSENPFUDAT,End of Primary Follow-Up Date,DSENPFUDAT,,Date,,,,
2,INITLF,No,ig_INITLF1,Subject Information,ig_INITLF1,,DSENRETXDAT,End of Retreatment Date,DSENRETXDAT,,Date,,,,
2,INITLF,No,ig_INITLF1,Subject Information,ig_INITLF1,,DSLVCRETX,Last Study Visit Completed in Retreatment,DSLVCRETX,,Text,cl_LVCPFUR1,cl_LVCPFUR1,,
2,INITLF,No,ig_INITLF2,Initiation of Long-Term Follow-Up,ig_INITLF2,,DSLTFURE,Provide reason the Subject is entering into the Long-Term Follow-Up Phase,DSLTFURE,,Text,cl_LTFURE1,cl_LTFURE1,,
2,INITLF,No,ig_INITLF2,Initiation of Long-Term Follow-Up,ig_INITLF2,,DSLTFUSP,Provide supportive information on the reason for entering Long-Term Follow-Up,DSLTFUSP,,Text,,,,
2,DSINITRT,No,ig_DSINITRT1,Initiation of Retreatment Phase,ig_DSINITRT1,,DSRTYN,Will the Subject receive Retreatment?,DSRTYN,,Text,cl_YN1,cl_YN1,,
2,DSINITRT,No,ig_DSINITRT1,Initiation of Retreatment Phase,ig_DSINITRT1,,DSLVCLTFUR,Last Visit Completed in Long-Term Follow-Up,DSLVCLTFUR,,Text,cl_LVLTFUTP1,cl_LVLTFUTP1,,
2,DSINITRT,No,ig_DSINITRT1,Initiation of Retreatment Phase,ig_DSINITRT1,,DSRENPFUDAT,End of Primary Follow-Up Date,DSRENPFUDAT,,Date,,,,
2,DSINITRT,No,ig_DSINITRT1,Initiation of Retreatment Phase,ig_DSINITRT1,,DSLVCPFUR,Last Visit Completed in Primary Follow-Up,DSLVCPFUR,,Text,cl_LVCPTP1,cl_LVCPTP1,,
2,DSINITRT,No,ig_DSINITRT1,Initiation of Retreatment Phase,ig_DSINITRT1,,DSPHASER,From which Phase is the Subject entering Retreatment?,DSPHASER,,Text,cl_PHASE2,cl_PHASE2,,
2,DSINITRT,No,ig_DSINITRT1,Initiation of Retreatment Phase,ig_DSINITRT1,,DSRENLTFUDAT,End of Long-Term Follow-Up Date,DSRENLTFUDAT,,Date,,,,
2,UNSPRMPT,No,ig_UNSPRMPT1,Unscheduled CRF Prompt,ig_UNSPRMPT1,,VIRSCHECK,Viral Serology,VIRSCHECK,,Boolean,,,,
2,UNSPRMPT,No,ig_UNSPRMPT1,Unscheduled CRF Prompt,ig_UNSPRMPT1,,PREGCHECK,Pregnancy Test,PREGCHECK,,Boolean,,,,
2,UNSPRMPT,No,ig_UNSPRMPT1,Unscheduled CRF Prompt,ig_UNSPRMPT1,,BMCHECK,Bone Marrow,BMCHECK,,Boolean,,,,
2,UNSPRMPT,No,ig_UNSPRMPT1,Unscheduled CRF Prompt,ig_UNSPRMPT1,,ECOGCHECK,ECOG Performance Status,ECOGCHECK,,Boolean,,,,
2,UNSPRMPT,No,ig_UNSPRMPT1,Unscheduled CRF Prompt,ig_UNSPRMPT1,,ECVSCHECK,Infusion Vital Signs,ECVSCHECK,,Boolean,,,,
2,UNSPRMPT,No,ig_UNSPRMPT1,Unscheduled CRF Prompt,ig_UNSPRMPT1,,LCCHECK,Lymphocyte Subset Analysis,LCCHECK,,Boolean,,,,
2,UNSPRMPT,No,ig_UNSPRMPT1,Unscheduled CRF Prompt,ig_UNSPRMPT1,,CNSCHECK,CNS Evaluation,CNSCHECK,,Boolean,,,,
2,UNSPRMPT,No,ig_UNSPRMPT1,Unscheduled CRF Prompt,ig_UNSPRMPT1,,PECHECK,Physical Exam,PECHECK,,Boolean,,,,
2,UNSPRMPT,No,ig_UNSPRMPT1,Unscheduled CRF Prompt,ig_UNSPRMPT1,,LNBCHECK,Tissue Biopsy,LNBCHECK,,Boolean,,,,
2,UNSPRMPT,No,ig_UNSPRMPT1,Unscheduled CRF Prompt,ig_UNSPRMPT1,,HWCHECK,Height and Weight,HWCHECK,,Boolean,,,,
2,UNSPRMPT,No,ig_UNSPRMPT1,Unscheduled CRF Prompt,ig_UNSPRMPT1,,COAGCHECK,Coagulation Tests,COAGCHECK,,Boolean,,,,
2,UNSPRMPT,No,ig_UNSPRMPT1,Unscheduled CRF Prompt,ig_UNSPRMPT1,,RVPCHECK,Respiratory Virus Panel,RVPCHECK,,Boolean,,,,
2,UNSPRMPT,No,ig_UNSPRMPT1,Unscheduled CRF Prompt,ig_UNSPRMPT1,,CRFSCHECKTEST,"Please select all CRFs that need to be added to this unscheduled visit, based on available data.",CRFSCHECKTEST,,Text,,,,
2,UNSPRMPT,No,ig_UNSPRMPT1,Unscheduled CRF Prompt,ig_UNSPRMPT1,,HEMACHECK,Hematology,HEMACHECK,,Boolean,,,,
2,UNSPRMPT,No,ig_UNSPRMPT1,Unscheduled CRF Prompt,ig_UNSPRMPT1,,RCLCHECK,Replication Competent Lentivirus,RCLCHECK,,Boolean,,,,
2,UNSPRMPT,No,ig_UNSPRMPT1,Unscheduled CRF Prompt,ig_UNSPRMPT1,,CLLIMGCHECK,CLL Disease Evaluation/Imaging,CLLIMGCHECK,,Boolean,,,,
2,UNSPRMPT,No,ig_UNSPRMPT1,Unscheduled CRF Prompt,ig_UNSPRMPT1,,RSCCHECK,Research Specimen Collection,RSCCHECK,,Boolean,,,,
2,UNSPRMPT,No,ig_UNSPRMPT1,Unscheduled CRF Prompt,ig_UNSPRMPT1,,APHCHECK,Apheresis,APHCHECK,,Boolean,,,,
2,UNSPRMPT,No,ig_UNSPRMPT1,Unscheduled CRF Prompt,ig_UNSPRMPT1,,SIGCHECK,Serum Immunoglobulin,SIGCHECK,,Boolean,,,,
2,UNSPRMPT,No,ig_UNSPRMPT1,Unscheduled CRF Prompt,ig_UNSPRMPT1,,RSCHECK,Disease Assessment,RSCHECK,,Boolean,,,,
2,UNSPRMPT,No,ig_UNSPRMPT1,Unscheduled CRF Prompt,ig_UNSPRMPT1,,NHLIMGCHECK,NHL Radiographic Evaluations,NHLIMGCHECK,,Boolean,,,,
2,UNSPRMPT,No,ig_UNSPRMPT1,Unscheduled CRF Prompt,ig_UNSPRMPT1,,CHEMCHECK,Chemistry,CHEMCHECK,,Boolean,,,,
2,UNSPRMPT,No,ig_UNSPRMPT1,Unscheduled CRF Prompt,ig_UNSPRMPT1,,CD19CHECK,CD19 Expression,CD19CHECK,,Boolean,,,,
2,UNSPRMPT,No,ig_UNSPRMPT1,Unscheduled CRF Prompt,ig_UNSPRMPT1,,HLHCHECK,HLH/MAS,HLHCHECK,,Boolean,,,,
2,UNSPRMPT,No,ig_UNSPRMPT1,Unscheduled CRF Prompt,ig_UNSPRMPT1,,EOSCHECK,End of Study,EOSCHECK,,Boolean,,,,
2,UNSPRMPT,No,ig_UNSPRMPT1,Unscheduled CRF Prompt,ig_UNSPRMPT1,,ICECHECK,ICE Score,ICECHECK,,Boolean,,,,
2,UNSPRMPT,No,ig_UNSPRMPT1,Unscheduled CRF Prompt,ig_UNSPRMPT1,,XRAYCHECK,Chest X-Ray,XRAYCHECK,,Boolean,,,,
2,UNSPRMPT,No,ig_UNSPRMPT1,Unscheduled CRF Prompt,ig_UNSPRMPT1,,VSCHECK,Vital Signs,VSCHECK,,Boolean,,,,
2,UNSPRMPT,No,ig_UNSPRMPT1,Unscheduled CRF Prompt,ig_UNSPRMPT1,,EMCHECK,ECHO-MUGA,EMCHECK,,Boolean,,,,
2,UNSPRMPT,No,ig_UNSPRMPT1,Unscheduled CRF Prompt,ig_UNSPRMPT1,,INFCHECK,Infusion,INFCHECK,,Boolean,,,,
